Title,Price,Rating,Num Of Reviews,Author,Book Type,Genre,Cover Image,Mean_Red,Mean_Green,Mean_Blue,Contrast,Edge_Complexity,Color_Variance,Color_Saturation,Sharpness,Interesting
يقولون الاولين,58.0,5.0,73,Walid Al-Anazi,Paperback,Fiction Genres,"https://www.jarir.com/cdn-cgi/image/fit=contain,width=350,height=auto,quality=85,metadata=none/https://ak-asset.jarir.com/akeneo-prod/asset/1/e/7/6/1e761c6ed4a5cad1a91dce3300843b80c41fba37_643542.jpg",172.01704489795918,156.05381224489795,148.11257959183675,78.27784301019945,12.693795918367346,6369.722569608285,44.73075102040816,423.4699419292628,1
صفحة واحدة في المرة رفيق مبدع يومي,59.0,4.5,37,Adam J. Kertz.,Paperback,Self-Help & Personal Development,"https://www.jarir.com/cdn-cgi/image/fit=contain,width=350,height=auto,quality=85,metadata=none/https://ak-asset.jarir.com/akeneo-prod/asset/m1images/4/6/462372.jpg",243.9303102040816,220.1817142857143,124.43574693877552,35.921743858683,8.44726530612245,5995.211455275827,127.12409795918369,845.0752326487963,0
المعاصر 9 تأسيس كمي ورقمي ومحوسب مع بنك المحوسب الجديد 80 اصدار,120.0,4.7,29,Imad Al-Zarri,Paperback,Education & Reference,"https://www.jarir.com/cdn-cgi/image/fit=contain,width=350,height=auto,quality=85,metadata=none/https://ak-asset.jarir.com/akeneo-prod/asset/f/e/8/3/fe8352d1794102cd8bee79a01b577b1f82c2036c_641633.jpg",221.61555102040816,231.0873795918368,225.01789387755105,46.90559194734066,19.47991836734694,3182.6216720877355,39.2373387755102,522.9494166966431,0
الاب الغني الاب الفقير ما يعلمه الاثرياء ولا يعلمه الفقراء,79.0,5.0,24,Robert T. Kiusaki,Paperback,Business & Finance,"https://www.jarir.com/cdn-cgi/image/fit=contain,width=350,height=auto,quality=85,metadata=none/https://ak-asset.jarir.com/akeneo-prod/asset/m1images/4/7/479220.jpg",145.2482612244898,130.96608979591838,138.02702857142856,94.61465110916872,15.302081632653062,8873.27898199261,65.61336326530612,685.8687263434236,1
مصحف القيام مقاس 25×35,89.0,5.0,20,Fatima.,غلاف مقوى فني,Religion & Spirituality,"https://www.jarir.com/cdn-cgi/image/fit=contain,width=350,height=auto,quality=85,metadata=none/https://ak-asset.jarir.com/akeneo-prod/asset/9/3/2/e/932ecff3798b1e39d71c4dc3b859cdf97c75d63f_584370.jpg",140.90270204081634,142.4383836734694,121.7851836734694,85.21960383479417,42.307102040816325,7501.813667904863,73.47708571428572,2666.916205421074,1
ابق قويا 365 يوما في السنة,69.0,4.8,17,Demi Lovato.,غلاف مقوى,Self-Help & Personal Development,"https://www.jarir.com/cdn-cgi/image/fit=contain,width=350,height=auto,quality=85,metadata=none/https://ak-asset.jarir.com/akeneo-prod/asset/m1images/4/1/419110.jpg",245.4005551020408,247.98982857142852,248.9434204081633,32.14365190188577,7.1254285714285714,1043.8607051404065,6.601877551020408,558.9771591836735,0
واختفي كل شيء,37.0,4.9,91,Agatha Christie.,Paperback,Fiction Genres,"https://www.jarir.com/cdn-cgi/image/fit=contain,width=350,height=auto,quality=85,metadata=none/https://ak-asset.jarir.com/akeneo-prod/asset/d/3/d/a/d3da9f41481911108f522382e7c43a991179e098_296955.jpg",134.95458775510204,186.0046448979592,175.71769795918368,78.69138670909808,15.872448979591836,8225.963735334159,109.25497959183672,510.8949402422991,1
المعاصر اللفظي 9 ورقي ومحوسب 3 أجزاء,96.0,4.9,15,Osman Abdullah,Paperback,Education & Reference,"https://www.jarir.com/cdn-cgi/image/fit=contain,width=350,height=auto,quality=85,metadata=none/https://ak-asset.jarir.com/akeneo-prod/asset/5/f/5/8/5f58c45a3a2c46a467f5b9b8aa024cf2e43e4f60_641634.jpg",236.7524163265306,239.6399755102041,233.5806857142857,36.88995654618172,16.71134693877551,1934.5103357911687,23.06709387755102,437.5344774314702,0
من الذي قتل السيد روجر أكرويد,37.0,5.0,13,Agatha Christie.,Paperback,Fiction Genres,"https://www.jarir.com/cdn-cgi/image/fit=contain,width=350,height=auto,quality=85,metadata=none/https://ak-asset.jarir.com/akeneo-prod/asset/m1images/2/9/296952.jpg",161.29797551020408,135.34236734693877,116.52849795918368,97.68102942007742,13.041428571428572,10706.790999424393,112.66465306122448,725.8624991386254,1
ليلة لا تنتهي,37.0,4.3,19,Agatha Christie.,Paperback,Fiction Genres,"https://www.jarir.com/cdn-cgi/image/fit=contain,width=350,height=auto,quality=85,metadata=none/https://ak-asset.jarir.com/akeneo-prod/asset/m1images/4/1/411827.jpg",126.332,126.21688979591836,109.03383673469388,107.6680860695806,12.03808163265306,11960.388483128649,62.3382612244898,686.1585762481632,1
أبجدية القتلى,37.0,5.0,11,Agatha Christie.,Paperback,Fiction Genres,"https://www.jarir.com/cdn-cgi/image/fit=contain,width=350,height=auto,quality=85,metadata=none/https://ak-asset.jarir.com/akeneo-prod/asset/a/7/d/6/a7d6aa26eb0ef4a23f16e19494ebc67ac02ab888_296949.jpg",158.40315102040816,167.4784,163.31155918367347,85.00225546982759,17.435755102040815,8609.745701392303,84.92222040816327,966.692211796818,1
لا تهتم بصغائر الامور فكل الامور صغائر,42.0,5.0,9,Richard Carlson.,Paperback,Self-Help & Personal Development,"https://www.jarir.com/cdn-cgi/image/fit=contain,width=350,height=auto,quality=85,metadata=none/https://ak-asset.jarir.com/akeneo-prod/asset/a/e/3/4/ae34a63bf15496740fa9cd94dc04f726a2a43a29_121802.jpg",177.91804897959184,171.90565714285714,161.85159183673468,73.52917762911827,35.394,5833.783097189681,98.62912653061224,1256.6172645035233,1
جريمة في قطار الشرق السريع,37.0,4.7,14,Agatha Christie.,Paperback,Fiction Genres,"https://www.jarir.com/cdn-cgi/image/fit=contain,width=350,height=auto,quality=85,metadata=none/https://ak-asset.jarir.com/akeneo-prod/asset/a/6/b/7/a6b7f5c0aad7d7c0cdf6b273cd11ea6cbf4b4992_296953.jpg",160.75123265306124,164.32862040816326,155.73871836734693,85.00206546771471,17.760489795918367,7653.007472789114,47.53152653061225,437.270166498359,1
قوة عقلك الباطن,65.0,4.6,17,Joseph Murphy.,Paperback,Self-Help & Personal Development,"https://www.jarir.com/cdn-cgi/image/fit=contain,width=350,height=auto,quality=85,metadata=none/https://ak-asset.jarir.com/akeneo-prod/asset/m1images/1/6/169834.jpg",243.7232734693877,219.26882448979592,212.88155102040807,54.02785347438667,15.458204081632651,4047.042550874292,35.595232653061224,1011.5697224473136,0
الفتاة الثالثة الجريمة المنسية,37.0,4.9,11,Agatha Christie.,Paperback,Fiction Genres,"https://www.jarir.com/cdn-cgi/image/fit=contain,width=350,height=auto,quality=85,metadata=none/https://ak-asset.jarir.com/akeneo-prod/asset/m1images/4/5/450969.jpg",150.9362857142857,145.19937142857142,128.45514285714285,110.09402130650376,10.02930612244898,12578.439973724806,50.36695510204082,821.3596969510037,1
أغنى رجل في بابل,35.0,4.9,13,George Klason.,Paperback,Self-Help & Personal Development,"https://www.jarir.com/cdn-cgi/image/fit=contain,width=350,height=auto,quality=85,metadata=none/https://ak-asset.jarir.com/akeneo-prod/asset/m1images/2/5/251044.jpg",244.20928163265307,213.9490040816327,152.08115102040816,39.52265517216835,10.628816326530613,4115.166875357038,98.15822040816326,540.5164324658725,0
مميز بالاصفر,40.0,4.4,14,"Rochelle Bennington/H Jackson Brown, son.",Paperback,Self-Help & Personal Development,"https://www.jarir.com/cdn-cgi/image/fit=contain,width=350,height=auto,quality=85,metadata=none/https://ak-asset.jarir.com/akeneo-prod/asset/m1images/3/4/343945.jpg",247.3083836734694,246.69302857142856,234.3626775510204,35.28306085674788,6.663306122448979,2131.8058033841376,15.391110204081633,725.3464489795919,0
الرجال من المريخ النساء من الزهرة الدليل الرائع لفهم الجنس الاخر,69.0,4.3,10,John Gray.,Paperback,Self-Help & Personal Development,"https://www.jarir.com/cdn-cgi/image/fit=contain,width=350,height=auto,quality=85,metadata=none/https://ak-asset.jarir.com/akeneo-prod/asset/m1images/1/3/130610.jpg",175.6246775510204,218.08697142857145,158.24637551020407,47.66550522439202,16.501102040816328,4584.193268174081,80.36395918367347,603.8091506844817,0
ابدأ من حيث أنت دفتر يوميات للاستكشاف الذاتي,28.0,4.9,8,Mira Lie Patel,Paperback,Self-Help & Personal Development,"https://www.jarir.com/cdn-cgi/image/fit=contain,width=350,height=auto,quality=85,metadata=none/https://ak-asset.jarir.com/akeneo-prod/asset/m1images/4/5/459105.jpg",227.4152081632653,223.26736326530613,215.78527346938776,43.34929877055809,19.80673469387755,2476.367644753789,28.869820408163264,969.2012311250978,0
عقدك النفسية سجنك الابدي,69.0,5.0,11,Yusuf Al-Husseni,Paperback,Politics & Social Sciences,"https://www.jarir.com/cdn-cgi/image/fit=contain,width=350,height=auto,quality=85,metadata=none/https://ak-asset.jarir.com/akeneo-prod/asset/m1/delta/563593.jpg",174.22513469387755,90.84979591836736,91.34398367346938,103.16265400881936,10.77869387755102,14614.776748821409,124.30150204081632,504.4520652994586,1
لغات الحب الخمس كيف تعبر عن حبك العميق لشريك حياتك,55.0,5.0,7,Gary Chapman.,Paperback,Self-Help & Personal Development,"https://www.jarir.com/cdn-cgi/image/fit=contain,width=350,height=auto,quality=85,metadata=none/https://ak-asset.jarir.com/akeneo-prod/asset/3/2/3/c/323ccdc64bbdb9e0b2410625aea5381b34a899f2_327816.jpg",230.2247346938776,198.93595102040817,202.2161632653061,64.73545318569276,12.56473469387755,4793.313479495425,44.72985306122449,637.4640567269639,0
أسرار عقل المليونير اتقان لعبة تحقيق الثراء,39.0,4.4,9,T. Harv Ecker.,Paperback,Self-Help & Personal Development,"https://www.jarir.com/cdn-cgi/image/fit=contain,width=350,height=auto,quality=85,metadata=none/https://ak-asset.jarir.com/akeneo-prod/asset/m1images/2/7/276808.jpg",233.7878448979592,226.9842857142857,214.99177959183675,48.76889477348998,12.24,2503.573459453072,36.03250612244898,704.1258037135195,0
الشعور الجيد العلاج الجديد للتقلبات المزاجية,80.0,5.0,7,David de Burns.,Paperback,Self-Help & Personal Development,"https://www.jarir.com/cdn-cgi/image/fit=contain,width=350,height=auto,quality=85,metadata=none/https://ak-asset.jarir.com/akeneo-prod/asset/m1images/4/4/449573.jpg",237.2843673469388,226.2963183673469,159.77911020408163,40.84292197263692,11.894448979591838,4549.371975505575,97.6712163265306,707.4112326530612,0
مغامرات شيرلوك هولمز,32.0,4.3,6,Arthur Conan Doyle.,غلاف مقوى,Children & Young Adults,"https://www.jarir.com/cdn-cgi/image/fit=contain,width=350,height=auto,quality=85,metadata=none/https://ak-asset.jarir.com/akeneo-prod/asset/m1/delta/502641.jpg",218.0778775510204,213.31831836734693,199.72097142857143,61.22402089458046,14.24461224489796,4254.823674645868,30.735551020408163,596.1224662040817,0
من الذي حرك قطعة الجبن الخاصة بي,49.0,4.8,9,Spencer Johnson.,غلاف مقوى,Self-Help & Personal Development,"https://www.jarir.com/cdn-cgi/image/fit=contain,width=350,height=auto,quality=85,metadata=none/https://ak-asset.jarir.com/akeneo-prod/asset/m1images/1/6/169850.jpg",236.55649795918367,227.9918530612245,228.08524897959185,53.02578577712985,16.988204081632652,3068.850503857053,24.13698775510204,1186.8582600249224,0
مذكرات شيرلوك هولمز,32.0,4.6,5,Arthur Conan Doyle.,غلاف مقوى,Children & Young Adults,"https://www.jarir.com/cdn-cgi/image/fit=contain,width=350,height=auto,quality=85,metadata=none/https://ak-asset.jarir.com/akeneo-prod/asset/m1/delta/502661.jpg",195.8848571428572,218.29865306122448,203.6300571428572,53.14877437715993,19.484081632653066,3527.1687585043705,49.04482448979592,615.6667366008164,0
لانك الله الجزء الاول رحلة الى السماء السابعة,35.0,5.0,5,Ali Jaber Alfifie,Paperback,Religion & Spirituality,"https://www.jarir.com/cdn-cgi/image/fit=contain,width=350,height=auto,quality=85,metadata=none/https://ak-asset.jarir.com/akeneo-prod/asset/d/a/d/f/dadf37ad30faa5f18d56d50ecffb69da3ac70bce_597975.jpg",130.07302040816327,171.6890612244898,207.06752653061224,76.84025188795312,15.42073469387755,6588.9980103502885,111.40848979591836,640.583367685531,1
كتيب الانشطة الضخمة للبنات مع 1000 نشاط مرح و 500 ملصق,33.0,5.0,8,Greer's library.,Paperback,Children & Young Adults,"https://www.jarir.com/cdn-cgi/image/fit=contain,width=350,height=auto,quality=85,metadata=none/https://ak-asset.jarir.com/akeneo-prod/asset/m1images/5/1/513663.jpg",143.8782612244898,138.66488163265305,145.84151020408163,80.34637912243336,58.46889795918367,6624.863554782543,58.75455510204082,2746.069476603082,1
القهوة السوداء,37.0,4.5,8,Agatha Christie.,Paperback,Fiction Genres,"https://www.jarir.com/cdn-cgi/image/fit=contain,width=350,height=auto,quality=85,metadata=none/https://ak-asset.jarir.com/akeneo-prod/asset/m1images/4/1/411822.jpg",185.7193795918368,175.86620408163265,157.7141142857143,85.60246411397284,11.740408163265306,8137.149108561292,55.70672653061224,827.8620640185923,1
المنزل الاعوج جريمة قتل في منزل آل ليونيدز,37.0,5.0,6,Agatha Christie.,Paperback,Fiction Genres,"https://www.jarir.com/cdn-cgi/image/fit=contain,width=350,height=auto,quality=85,metadata=none/https://ak-asset.jarir.com/akeneo-prod/asset/3/8/d/b/38dbe304f85f5bdf364a09f58047c9cc956b6e30_411829.jpg",146.00140408163264,166.08715102040816,159.69568979591836,88.98095821392045,18.634775510204083,8475.790002351612,69.6973387755102,821.6884481878551,1
اعلان عن جريمة,37.0,4.8,5,Agatha Christie.,Paperback,Fiction Genres,"https://www.jarir.com/cdn-cgi/image/fit=contain,width=350,height=auto,quality=85,metadata=none/https://ak-asset.jarir.com/akeneo-prod/asset/e/7/0/2/e702d1da7bbc0a6c08dddf5db9248d135989e877_315080.jpg",162.88116734693878,159.67472653061225,160.34125714285713,91.68412339615504,17.0714693877551,8402.5923022274,24.877608163265307,942.214623926964,1
لغز القطار الازرق,37.0,5.0,6,Agatha Christie.,Paperback,Fiction Genres,"https://www.jarir.com/cdn-cgi/image/fit=contain,width=350,height=auto,quality=85,metadata=none/https://ak-asset.jarir.com/akeneo-prod/asset/m1images/3/3/338804.jpg",119.4097306122449,124.35977959183674,139.0299836734694,112.37184565487236,4.779428571428571,12438.35615344093,125.86585306122448,522.2451591836734,1
قوة العادات لماذا نعمل ما نعمل فى الحياة الشخصية والعملية,85.0,5.0,3,Charles Doug.,غلاف مقوى,Self-Help & Personal Development,"https://www.jarir.com/cdn-cgi/image/fit=contain,width=350,height=auto,quality=85,metadata=none/https://ak-asset.jarir.com/akeneo-prod/asset/m1images/3/9/397906.jpg",248.3917469387755,230.77291428571428,81.99553469387754,40.1991897112707,13.63469387755102,11093.781099605712,171.54031836734694,857.7923265306123,1
365 قصة عن الاخلاق عبرة في كل يوم تبعدك عن المتاعب,68.0,4.7,3,Unknown,غلاف مقوى,Children & Young Adults,"https://www.jarir.com/cdn-cgi/image/fit=contain,width=350,height=auto,quality=85,metadata=none/https://ak-asset.jarir.com/akeneo-prod/asset/m1images/4/5/454250.jpg",199.4526612244898,201.8873632653061,180.7835755102041,65.54533431449768,24.54869387755102,5917.089543376327,68.10723265306123,921.4801583507538,0
جثة في المكتبة,37.0,4.9,8,Agatha Christie.,Paperback,Fiction Genres,"https://www.jarir.com/cdn-cgi/image/fit=contain,width=350,height=auto,quality=85,metadata=none/https://ak-asset.jarir.com/akeneo-prod/asset/7/6/8/5/76857c3e1faa01ccb5cc35074a403c039425a570_296946.jpg",167.1685224489796,151.87941224489796,152.44189387755102,91.94758798907658,15.389510204081631,8669.95049462712,47.60242448979592,866.5042683795751,1
فكر وازدد ثراء اكتشف قوتك السحرية لتصبح ثريا,55.0,4.2,5,Napoleon Hill.,Paperback,Self-Help & Personal Development,"https://www.jarir.com/cdn-cgi/image/fit=contain,width=350,height=auto,quality=85,metadata=none/https://ak-asset.jarir.com/akeneo-prod/asset/m1images/4/1/411059.jpg",236.4543102040816,230.42231020408164,215.81538775510205,40.25249314523798,10.293673469387755,1950.9252070530536,26.586816326530613,380.5611494604581,0
ماجدولين,35.0,5.0,3,Mustafa Lutfi,Paperback,Fiction Genres,"https://www.jarir.com/cdn-cgi/image/fit=contain,width=350,height=auto,quality=85,metadata=none/https://ak-asset.jarir.com/akeneo-prod/asset/m1images/5/3/536514.jpg",226.6596081632653,153.85715918367347,120.6084,67.23006840355207,16.45738775510204,7989.328215699837,128.7999673469388,186.24964846354013,1
أمير الشر الجزء الاول,75.0,3.7,3,Holly Black.,Paperback,Fiction Genres,"https://www.jarir.com/cdn-cgi/image/fit=contain,width=350,height=auto,quality=85,metadata=none/https://ak-asset.jarir.com/akeneo-prod/asset/9/a/7/8/9a7850ce32333860d19f614d759f8bbcac71f239_567904.jpg",142.96741224489796,149.5202775510204,155.9592979591837,92.25424018175788,23.499551020408163,8535.999309513363,44.91513469387755,856.9985368743688,1
يحب الاطفال الكلمات الاولى,25.0,5.0,3,A chain likes kids.,غلاف مقوى,Children & Young Adults,"https://www.jarir.com/cdn-cgi/image/fit=contain,width=350,height=auto,quality=85,metadata=none/https://ak-asset.jarir.com/akeneo-prod/asset/m1images/5/2/526711.jpg",222.84782040816327,199.63604081632653,166.08500408163266,40.02984710369613,20.06277551020408,2976.4578286188457,75.57027755102041,603.4110320440483,0
شفاء الطفل التائه بداخلك كيف توقف ردود الفعل الاندفاعية,49.0,5.0,3,Robert Jackman.,Paperback,Self-Help & Personal Development,"https://www.jarir.com/cdn-cgi/image/fit=contain,width=350,height=auto,quality=85,metadata=none/https://ak-asset.jarir.com/akeneo-prod/asset/0/4/c/c/04ccd74f9683e21fdd9705e9c48235ce093d0e2a_571837.jpg",183.77470204081632,184.167306122449,180.8201306122449,66.55979974064203,9.78991836734694,4547.037697233234,19.31644081632653,372.5924486436651,0
أيقظ قواك الخفية كيف تتحكم فورا بمستقبلك الذهني والعاطفي و الجسماني و المالي,68.0,4.7,3,Anthony Robbins.,Paperback,Self-Help & Personal Development,"https://www.jarir.com/cdn-cgi/image/fit=contain,width=350,height=auto,quality=85,metadata=none/https://ak-asset.jarir.com/akeneo-prod/asset/m1images/1/2/123421.jpg",189.3002612244898,176.44133877551022,154.40793469387756,77.02366333577866,15.834979591836737,7087.316804375034,60.14324081632653,750.9079242003166,1
الاهداف / كيف تحصل على كل شيء تريده أسرع مما ظننته ممكنا,41.0,5.0,3,Brian Tracy.,Paperback,Self-Help & Personal Development,"https://www.jarir.com/cdn-cgi/image/fit=contain,width=350,height=auto,quality=85,metadata=none/https://ak-asset.jarir.com/akeneo-prod/asset/m1images/3/8/383248.jpg",144.31431020408164,143.9688244897959,165.86173061224488,96.37501321789942,14.706734693877552,9556.45914849912,85.0553306122449,833.0577306119783,1
لا أعذار قوة الانضباط الذاتي,46.0,5.0,3,Brian Tracy.,Paperback,Self-Help & Personal Development,"https://www.jarir.com/cdn-cgi/image/fit=contain,width=350,height=auto,quality=85,metadata=none/https://ak-asset.jarir.com/akeneo-prod/asset/m1images/3/8/385407.jpeg",243.5453306122449,236.18336326530613,240.09968163265307,40.74211109650247,13.826204081632651,1655.1294564777563,15.158930612244898,747.7592481732611,0
الساعات جثة في منزل الانسة العمياء,37.0,4.8,4,Agatha Christie.,Paperback,Fiction Genres,"https://www.jarir.com/cdn-cgi/image/fit=contain,width=350,height=auto,quality=85,metadata=none/https://ak-asset.jarir.com/akeneo-prod/asset/m1images/4/5/450964.jpg",193.5094857142857,169.1465224489796,127.11501224489795,81.52522438561147,18.32044897959184,8768.842159748256,108.52470204081632,855.4088775476216,1
التلوين الباعث على الصفاء والهدوء فن الوعي التام,45.0,5.0,4,Greer's library issues.,Paperback,"Arts, Crafts, & Hobbies","https://www.jarir.com/cdn-cgi/image/fit=contain,width=350,height=auto,quality=85,metadata=none/https://ak-asset.jarir.com/akeneo-prod/asset/m1images/4/5/455718.jpg",161.15059591836734,171.5577142857143,182.19952653061225,63.034285060574845,44.61979591836735,4129.782152813366,54.398702040816325,3738.966080635669,1
كتاب التلوين من أجل الهدوء رسومات جميلة لتخفيف همومك,45.0,4.7,3,Group of authors,Paperback,"Arts, Crafts, & Hobbies","https://www.jarir.com/cdn-cgi/image/fit=contain,width=350,height=auto,quality=85,metadata=none/https://ak-asset.jarir.com/akeneo-prod/asset/m1images/4/5/455727.jpg",236.3703346938776,227.23338775510203,220.9168,45.79723362268525,34.48640816326531,2594.7888121601486,22.611779591836736,1263.7005182226735,0
طفل المخ الكامل 12 استراتيجية ثورية للعناية بالمخ النامي,33.0,5.0,3,Tina Payne Bryson/Daniel Ji Segel.,Paperback,Self-Help & Personal Development,"https://www.jarir.com/cdn-cgi/image/fit=contain,width=350,height=auto,quality=85,metadata=none/https://ak-asset.jarir.com/akeneo-prod/asset/m1images/4/5/456797.jpg",218.08877551020407,181.7269142857143,203.65823673469387,74.42314844262694,13.451510204081632,5193.225204282392,59.97083265306122,743.8910772337526,0
كتاب التلوين للكبار رسومات تساعدك على التخلص من التوتر,45.0,5.0,3,Greer's library issues.,Paperback,"Arts, Crafts, & Hobbies","https://www.jarir.com/cdn-cgi/image/fit=contain,width=350,height=auto,quality=85,metadata=none/https://ak-asset.jarir.com/akeneo-prod/asset/m1images/4/5/457900.jpg",227.37117551020407,213.70971428571428,212.5940081632653,44.02071460111141,36.25787755102041,2340.541717742607,31.04277551020408,1828.0402503689463,0
العجلات المتحركة سيارة المطافي,25.0,5.0,2,The wheel chain.,كتاب مقوى,Children & Young Adults,"https://www.jarir.com/cdn-cgi/image/fit=contain,width=350,height=auto,quality=85,metadata=none/https://ak-asset.jarir.com/akeneo-prod/asset/m1images/4/5/458622.jpg",220.1845959183673,169.2523918367347,156.5957551020408,68.61839735675906,15.868285714285712,6758.43253666068,73.87048979591837,525.8141034835486,1
حكايات الاحلام السعيدة كنز من حكايات الاطفال,49.0,5.0,2,Unknown,غلاف مقوى,Children & Young Adults,"https://www.jarir.com/cdn-cgi/image/fit=contain,width=350,height=auto,quality=85,metadata=none/https://ak-asset.jarir.com/akeneo-prod/asset/m1images/4/5/454518.jpg",129.1437387755102,99.83951836734694,108.06846530612243,68.12648458320723,20.25220408163265,6378.165271915252,173.17555918367347,700.1231455087714,1
حكايات الخمس دقائق قصص ما قبل النوم قصص لطيفة تساعد على النوم,25.0,4.0,2,Five-minute story series,غلاف مقوى,Children & Young Adults,"https://www.jarir.com/cdn-cgi/image/fit=contain,width=350,height=auto,quality=85,metadata=none/https://ak-asset.jarir.com/akeneo-prod/asset/m1images/4/2/429642.jpg",156.77324897959184,157.55647346938775,175.16044897959185,76.06304752419024,13.695061224489796,5417.431926681542,74.38791836734694,257.4820637307122,1
حكايات ما قبل النوم 7 حكايات قبل النوم,25.0,3.5,2,Greer's library.,غلاف مقوى,Children & Young Adults,"https://www.jarir.com/cdn-cgi/image/fit=contain,width=350,height=auto,quality=85,metadata=none/https://ak-asset.jarir.com/akeneo-prod/asset/m1images/4/2/429643.jpg",161.51168979591836,153.48782040816326,165.41566530612246,72.03551874849217,19.64228571428572,5253.167386475034,74.8292081632653,539.4084515102041,1
501 شيء لتبحثي عنها أشياء مثيرة لتبحثي عنها وتحددي مكانها 3 أرانب,25.0,5.0,2,Greer's library.,غلاف مقوى,Children & Young Adults,"https://www.jarir.com/cdn-cgi/image/fit=contain,width=350,height=auto,quality=85,metadata=none/https://ak-asset.jarir.com/akeneo-prod/asset/m1images/4/2/429647.jpg",199.79816326530613,163.7457469387755,185.4170530612245,60.888817310084185,30.516734693877552,3930.236081021618,67.96512653061224,1044.678663430171,0
من جيد الى عظيم,72.0,5.0,4,Jim Collins.,غلاف مقوى,Business & Finance,"https://www.jarir.com/cdn-cgi/image/fit=contain,width=350,height=auto,quality=85,metadata=none/https://ak-asset.jarir.com/akeneo-prod/asset/m1images/4/4/442111.jpg",238.21874285714287,106.56431836734694,111.99844897959184,78.16028229202529,9.629632653061224,11275.869724372436,145.41461224489797,391.2428979591172,1
(أنا أسمع أصدقائي من الحيوانات الصغيرة (كتاب صوتي,46.0,5.0,2,A chain I hear.,كتاب مقوى,Children & Young Adults,"https://www.jarir.com/cdn-cgi/image/fit=contain,width=350,height=auto,quality=85,metadata=none/https://ak-asset.jarir.com/akeneo-prod/asset/m1images/4/4/441356.jpg",127.40997551020408,142.53728163265305,108.6081224489796,49.02872517445907,14.117632653061223,4437.045151296913,137.1071755102041,498.5456048222575,1
(أنا أسمع حيوانات المزرعة الصغيرة (كتاب صوتي,45.0,5.0,3,A chain I hear.,كتاب مقوى,Children & Young Adults,"https://www.jarir.com/cdn-cgi/image/fit=contain,width=350,height=auto,quality=85,metadata=none/https://ak-asset.jarir.com/akeneo-prod/asset/m1images/4/4/441357.jpg",173.50237551020408,189.5725224489796,171.81787755102042,48.63278773923921,15.936979591836735,4051.8071207313615,91.76262857142856,393.4847878450647,0
حول العالم في 80 يوما كلاسيكيات مصورة,29.0,5.0,2,Joel Vern.,غلاف مقوى,Children & Young Adults,"https://www.jarir.com/cdn-cgi/image/fit=contain,width=350,height=auto,quality=85,metadata=none/https://ak-asset.jarir.com/akeneo-prod/asset/2/5/1/0/25100dac6fb29358abcffa3dfbe45156717da9f0_589543.jpg",170.26285714285714,149.26951836734693,129.71704489795917,81.51856771266245,25.96004081632653,7318.254034656553,78.23561632653062,794.201067827805,1
نادي الخامسة 5 صباحا,85.0,5.0,2,Robin Sharma.,غلاف مقوى,Self-Help & Personal Development,"https://www.jarir.com/cdn-cgi/image/fit=contain,width=350,height=auto,quality=85,metadata=none/https://ak-asset.jarir.com/akeneo-prod/asset/m1images/5/1/515288.jpg",237.3583510204081,210.60312653061223,208.02910204081635,58.7387577499964,10.120897959183674,4583.073539345895,37.72782040816327,673.2444897956518,0
قضايا شيرلوك هولمز,32.0,5.0,2,Arthur Conan Doyle.,غلاف مقوى,Children & Young Adults,"https://www.jarir.com/cdn-cgi/image/fit=contain,width=350,height=auto,quality=85,metadata=none/https://ak-asset.jarir.com/akeneo-prod/asset/m1/delta/502658.jpg",212.487040523946,210.7183954154728,182.54943921408105,58.592261973591405,20.070159639787143,4188.421147470637,50.83720016373312,947.011562044412,0
حكايات لخمس دقائق قصص الحيوانات قصص مرحة يجب قراءتها والاحتفاظ بها,25.0,5.0,2,Five-minute story series.,غلاف مقوى,Children & Young Adults,"https://www.jarir.com/cdn-cgi/image/fit=contain,width=350,height=auto,quality=85,metadata=none/https://ak-asset.jarir.com/akeneo-prod/asset/m1/delta/504087.jpg",182.05638367346936,183.49630204081632,125.8624,57.68669646347042,23.68273469387756,6394.950666414149,115.76502857142856,584.6344483395918,1
ايكيجاي السر الياباني لعيش حياة مثمرة وسعيدة,49.0,5.0,4,Ken Mojoy.,غلاف مقوى,Self-Help & Personal Development,"https://www.jarir.com/cdn-cgi/image/fit=contain,width=350,height=auto,quality=85,metadata=none/https://ak-asset.jarir.com/akeneo-prod/asset/m1images/4/9/491538.jpg",225.40414244781007,203.19834629553827,204.35548915268112,72.10001109013521,11.882603356528858,5607.321100014136,34.0745231273025,1702.8280417053645,0
المنصف في القدرات بنك اسئلة المحوسب الجديدة جزئين الطبعة الخامسة,115.0,5.0,2,Mahmoud Wafi,Paperback,Education & Reference,"https://www.jarir.com/cdn-cgi/image/fit=contain,width=350,height=auto,quality=85,metadata=none/https://ak-asset.jarir.com/akeneo-prod/asset/e/6/1/f/e61f42f88c6060fe934e7a9b2fbc9d25f0b2f4ad_643847.jpg",216.07721632653065,216.9337469387755,204.46313469387755,62.866705227269904,23.75767346938776,4871.736809807549,36.82289795918367,1579.6028303057058,0
رسائل من القرآن,53.0,5.0,2,Two Menirs.,Paperback,Religion & Spirituality,"https://www.jarir.com/cdn-cgi/image/fit=contain,width=350,height=auto,quality=85,metadata=none/https://ak-asset.jarir.com/akeneo-prod/asset/6/5/7/4/657453b2a047145bf0202c266fe0a6fabedc80bb_638398.jpg",249.9403183673469,248.2751673469388,242.73431836734693,24.91622310732897,5.545469387755103,950.8695567757808,9.931355102040817,176.40736326530612,0
موسوعتي الكبيرة عن الفضاء والكون,46.0,5.0,2,Greer's library.,غلاف مقوى,Children & Young Adults,"https://www.jarir.com/cdn-cgi/image/fit=contain,width=350,height=auto,quality=85,metadata=none/https://ak-asset.jarir.com/akeneo-prod/asset/m1images/4/2/422044.jpg",150.2538448979592,137.95620408163265,146.98912653061225,93.57692170151478,25.89967346938776,9459.191137702246,82.0430693877551,1322.1013598901122,1
(ما الصوت؟ حيوانات (كتاب صوتي,45.0,4.5,2,A chain of sound.,كتاب مقوى,Children & Young Adults,"https://www.jarir.com/cdn-cgi/image/fit=contain,width=350,height=auto,quality=85,metadata=none/https://ak-asset.jarir.com/akeneo-prod/asset/m1images/4/2/420546.jpg",213.8476163265306,218.3763020408163,181.22100408163263,53.23349931366315,7.585469387755102,4826.668841171666,70.78161632653061,157.51822040816327,0
النموذج الرباعى للتدفقات النقدية,45.0,4.0,2,Robert T. Kiwasaki,Paperback,Business & Finance,"https://www.jarir.com/cdn-cgi/image/fit=contain,width=350,height=auto,quality=85,metadata=none/https://ak-asset.jarir.com/akeneo-prod/asset/8/6/a/0/86a04dfd2331440610353a947e39acee1ecd460a_282345.jpg",114.87088979591836,107.49486530612243,111.92687346938776,110.45478837991426,15.79334693877551,12252.41857155882,55.16862857142857,972.3099072090628,1
العادات ال 7 للاشخاص ذوي الفعالية العالية,89.0,5.0,2,Steven R. Kofi,غلاف مقوى,Self-Help & Personal Development,"https://www.jarir.com/cdn-cgi/image/fit=contain,width=350,height=auto,quality=85,metadata=none/https://ak-asset.jarir.com/akeneo-prod/asset/a/2/6/6/a266421e58c99612bf37d2582302e4de00e03edb_560533.jpg",228.2233306122449,208.74603265306123,190.0894040816327,57.357771682163445,15.220897959183674,5077.905828511446,65.2557306122449,697.7394905338775,0
الكتاب الكبير للانشطة الرائعة,69.0,5.0,4,Big Book series.,Paperback,Children & Young Adults,"https://www.jarir.com/cdn-cgi/image/fit=contain,width=350,height=auto,quality=85,metadata=none/https://ak-asset.jarir.com/akeneo-prod/asset/m1/delta/503726.jpg",175.36451428571428,120.33980408163264,189.24312653061224,81.02650555437248,24.282244897959185,6629.798230975287,122.20979591836736,1218.1095160277218,1
كيف تريح عقلك,33.0,4.7,3,Anna Barnes.,Paperback,Self-Help & Personal Development,"https://www.jarir.com/cdn-cgi/image/fit=contain,width=350,height=auto,quality=85,metadata=none/https://ak-asset.jarir.com/akeneo-prod/asset/m1images/5/2/521739.jpg",200.0440571428572,216.49582040816327,218.03431020408163,42.55850111924097,6.392693877551021,2839.029780300845,58.70108571428572,367.77927015550193,0
مذكرة السعادة,32.0,5.0,2,I'm Barnes.,Paperback,Self-Help & Personal Development,"https://www.jarir.com/cdn-cgi/image/fit=contain,width=350,height=auto,quality=85,metadata=none/https://ak-asset.jarir.com/akeneo-prod/asset/m1/delta/549576.jpg",241.1057224489796,222.39274285714285,225.04411428571427,43.506372622821225,6.858979591836735,1999.16000807696,21.06945306122449,525.2418285714285,0
سوف تراه عندما تؤمن به سبيلك الى التحول الذاتي,33.0,5.0,2,Wynn Wyder.,Paperback,Self-Help & Personal Development,"https://www.jarir.com/cdn-cgi/image/fit=contain,width=350,height=auto,quality=85,metadata=none/https://ak-asset.jarir.com/akeneo-prod/asset/m1images/2/2/222216.jpeg",204.4712653061225,163.63275102040816,160.20111020408163,83.81630612526736,13.747102040816326,7806.592316535635,78.04992653061224,1031.2871960130617,1
كيف تقول لا توقف عن محاولة ارضاء الاخرين للابد,27.0,4.5,2,Susan Newman.,Paperback,Self-Help & Personal Development,"https://www.jarir.com/cdn-cgi/image/fit=contain,width=350,height=auto,quality=85,metadata=none/https://ak-asset.jarir.com/akeneo-prod/asset/m1images/2/8/281574.jpg",231.32873469387755,228.01456326530607,231.1969224489796,65.64532886456844,8.707469387755102,4071.580947695282,16.508220408163265,872.1409060930612,0
الموت على ضفاف النيل,37.0,5.0,3,Agatha Christie.,Paperback,Fiction Genres,"https://www.jarir.com/cdn-cgi/image/fit=contain,width=350,height=auto,quality=85,metadata=none/https://ak-asset.jarir.com/akeneo-prod/asset/m1images/2/9/296950.jpg",167.74392653061224,148.89617142857142,143.5146775510204,91.88158840521346,17.512775510204083,8731.123636695082,49.06762448979592,564.8775096277218,1
21 قانونا لا يقبل الجدل في القيادة,45.0,5.0,2,John C. Maxwell.,Paperback,Business & Finance,"https://www.jarir.com/cdn-cgi/image/fit=contain,width=350,height=auto,quality=85,metadata=none/https://ak-asset.jarir.com/akeneo-prod/asset/m1images/3/2/328942.jpg",184.09500408163265,120.33474285714286,115.92909387755104,96.63077276863116,12.075551020408165,11787.359815034371,100.46354285714284,612.5152653058559,1
الافكار والمشاعر السيطرة على حالاتك المزاجية وعلى حياتك,60.0,5.0,2,Martha Davis/Matthew McCae.,Paperback,Self-Help & Personal Development,"https://www.jarir.com/cdn-cgi/image/fit=contain,width=350,height=auto,quality=85,metadata=none/https://ak-asset.jarir.com/akeneo-prod/asset/m1images/3/5/352853.jpg",143.25003265306125,166.59335510204082,195.49075102040817,69.14387605119626,19.00530612244897,5384.993506604664,77.62990204081633,845.2976897766597,1
لغة الجسد علم وأسرار لغة الجسد في العمل,33.0,4.5,2,Carol Kenzi Joman.,Paperback,Self-Help & Personal Development,"https://www.jarir.com/cdn-cgi/image/fit=contain,width=350,height=auto,quality=85,metadata=none/https://ak-asset.jarir.com/akeneo-prod/asset/m1images/3/5/356736.jpg",194.7557469387755,197.98288163265303,206.6287346938776,59.3057231182314,10.393591836734696,3468.988068860167,27.625044897959185,156.18730877407748,0
فهم الاسهم,64.0,4.3,4,Michael. We'll walk.,Paperback,Business & Finance,"https://www.jarir.com/cdn-cgi/image/fit=contain,width=350,height=auto,quality=85,metadata=none/https://ak-asset.jarir.com/akeneo-prod/asset/m1images/4/2/420322.jpg",213.44324897959183,226.9243673469388,214.2121959183673,62.2908359407654,16.734244897959183,5061.275122608329,35.57464489795918,831.6395836734029,0
الجواب كيف تمسك بمقاليد حياتك وتصبح الشخص الذي تود أن تكون عليه,43.0,5.0,2,Now Barbara Baze.,Paperback,Self-Help & Personal Development,"https://www.jarir.com/cdn-cgi/image/fit=contain,width=350,height=auto,quality=85,metadata=none/https://ak-asset.jarir.com/akeneo-prod/asset/m1images/4/6/465058.jpg",238.7628571428572,229.6173224489796,136.47189387755105,42.10478763959621,6.6757959183673465,7985.941663876046,116.86368163265304,309.81822000273223,0
كتاب تلوين كبير ورائع أزرق أكثر من 140 صفحة ممتعة,34.0,4.0,2,Greer's library.,Paperback,Children & Young Adults,"https://www.jarir.com/cdn-cgi/image/fit=contain,width=350,height=auto,quality=85,metadata=none/https://ak-asset.jarir.com/akeneo-prod/asset/m1images/4/7/477595.jpg",181.6728897959184,179.18144489795918,155.0327755102041,69.39321588155003,44.276326530612245,7116.355620722912,106.57582040816328,3651.211959888446,1
الذكاء العاطفي وسبب كونه أكثر أهمية من حاصل الذكاء,52.0,5.0,2,Daniel Goldman.,Paperback,Self-Help & Personal Development,"https://www.jarir.com/cdn-cgi/image/fit=contain,width=350,height=auto,quality=85,metadata=none/https://ak-asset.jarir.com/akeneo-prod/asset/m1images/2/9/292492.jpg",213.4141632653061,213.3473551020408,195.56779591836727,66.39410163952857,14.85869387755102,4551.2035139522895,47.80960816326531,1057.5841455569514,0
شخبط ولون كتاب أنشطة وتلوين ممتع,20.0,5.0,2,Greer's library.,Paperback,Children & Young Adults,"https://www.jarir.com/cdn-cgi/image/fit=contain,width=350,height=auto,quality=85,metadata=none/https://ak-asset.jarir.com/akeneo-prod/asset/m1images/4/7/477865.jpg",237.96500408163263,221.9797795918368,218.9705306122449,52.76431358874476,13.320367346938776,3384.529028091065,34.260375510204085,493.86917917660975,0
1001 شيء للبحث عنها المركبات,30.0,4.0,1,1001 things to look for.,غلاف مقوى,Children & Young Adults,"https://www.jarir.com/cdn-cgi/image/fit=contain,width=350,height=auto,quality=85,metadata=none/https://ak-asset.jarir.com/akeneo-prod/asset/m1images/5/1/518208.jpg",134.32899591836735,148.6357469387755,162.24520816326532,64.46119954590611,37.40069387755102,7139.583052398826,137.90138775510204,1637.612972288213,1
101 مبادىء سوق الاسهم دورة مكثفة في بيع و شراء الاسهم,54.0,4.0,2,Michelle Kajan.,غلاف مقوى,Business & Finance,"https://www.jarir.com/cdn-cgi/image/fit=contain,width=350,height=auto,quality=85,metadata=none/https://ak-asset.jarir.com/akeneo-prod/asset/m1images/5/1/518849.jpg",220.58444897959183,220.36377142857145,216.0364163265306,65.39318420960873,19.81922448979592,4563.276180577174,22.20330612244898,1078.6888979591836,0
حكايات لخمس دقائق قصص الاميرات قصص عجيبة يجب قراءتها والاحتفاظ بها,25.0,5.0,1,Five-minute story series.,غلاف مقوى,Children & Young Adults,"https://www.jarir.com/cdn-cgi/image/fit=contain,width=350,height=auto,quality=85,metadata=none/https://ak-asset.jarir.com/akeneo-prod/asset/m1/delta/504086.jpg",195.44010612244892,181.59566530612244,174.4998693877551,58.61878998045119,19.33004081632653,5513.34449287274,103.55968163265308,863.1318775269636,1
حكايات للاطفال في سن 1 عام حكايات رائعة للاطفال,25.0,5.0,2,Greer's library issues.,غلاف مقوى,Children & Young Adults,"https://www.jarir.com/cdn-cgi/image/fit=contain,width=350,height=auto,quality=85,metadata=none/https://ak-asset.jarir.com/akeneo-prod/asset/m1images/4/6/464463.jpg",205.44102040816327,148.6805551020408,143.9502530612245,61.15092903608125,16.632244897959183,5217.499424018503,107.34553469387755,437.1297464810329,1
1001 شيء للبحث عنها الديناصورات,30.0,5.0,1,Greer's library issues.,غلاف مقوى,Children & Young Adults,"https://www.jarir.com/cdn-cgi/image/fit=contain,width=350,height=auto,quality=85,metadata=none/https://ak-asset.jarir.com/akeneo-prod/asset/m1images/4/6/464480.jpg",159.2076244897959,139.74049795918367,102.9101306122449,82.00258447562967,50.979183673469386,8910.963677738007,130.8903836734694,2257.728526010429,1
كنز من حكايات الحيوانات,49.0,5.0,1,Greer's library issues.,غلاف مقوى,Children & Young Adults,"https://www.jarir.com/cdn-cgi/image/fit=contain,width=350,height=auto,quality=85,metadata=none/https://ak-asset.jarir.com/akeneo-prod/asset/m1images/4/5/454509.jpg",111.90051428571428,139.55149387755102,70.03207346938775,51.66954034227523,23.27265306122449,6045.185745087695,194.4562857142857,797.2582031886711,1
كنز الاطفال مجموعة من الحكايات الرائعة,49.0,5.0,1,Unknown,غلاف مقوى,Children & Young Adults,"https://www.jarir.com/cdn-cgi/image/fit=contain,width=350,height=auto,quality=85,metadata=none/https://ak-asset.jarir.com/akeneo-prod/asset/m1images/4/5/454511.jpg",138.93463673469387,145.05100408163264,150.08448979591836,62.754472935154425,27.62534693877551,5321.902999100147,112.72942857142856,1253.4155814524613,1
مكتبة الطفل الاولى الحيوانات,39.0,5.0,1,Unknown,كتاب مقوى,Children & Young Adults,"https://www.jarir.com/cdn-cgi/image/fit=contain,width=350,height=auto,quality=85,metadata=none/https://ak-asset.jarir.com/akeneo-prod/asset/m1images/4/5/458609.jpg",120.1729224489796,151.63217142857144,80.72445714285715,53.18913776514133,19.490326530612244,4962.35624854903,136.4195918367347,637.111185537426,1
مكتبة الطفل الاولى جسمي,39.0,5.0,1,Unknown,كتاب مقوى,Children & Young Adults,"https://www.jarir.com/cdn-cgi/image/fit=contain,width=350,height=auto,quality=85,metadata=none/https://ak-asset.jarir.com/akeneo-prod/asset/m1images/4/5/458613.jpg",192.33407346938776,103.71871836734694,127.1993224489796,52.39797544499972,19.463265306122448,5353.772747122359,136.7616244897959,677.568713547755,1
العجلات المتحركة سيارة الاسعاف,25.0,5.0,1,The wheel chain.,كتاب مقوى,Children & Young Adults,"https://www.jarir.com/cdn-cgi/image/fit=contain,width=350,height=auto,quality=85,metadata=none/https://ak-asset.jarir.com/akeneo-prod/asset/m1images/4/5/458620.jpg",208.89660408163263,206.24774693877552,202.00457142857144,69.35485521945587,14.511061224489795,4922.630247807495,21.37964897959184,533.3059537338775,0
السر نسخة الذكرى السنوية العاشرة للكتاب,89.0,2.3,4,Rhonda Byrn.,غلاف مقوى,Self-Help & Personal Development,"https://www.jarir.com/cdn-cgi/image/fit=contain,width=350,height=auto,quality=85,metadata=none/https://ak-asset.jarir.com/akeneo-prod/asset/m1images/4/7/471945.jpg",187.01451428571428,127.0150775510204,99.2429551020408,69.29705031057387,12.152571428571427,6855.081508821187,135.76641632653062,508.22576543107033,1
هايدي,15.0,4.0,1,The great story series.,كتاب مقوى,Children & Young Adults,"https://www.jarir.com/cdn-cgi/image/fit=contain,width=350,height=auto,quality=85,metadata=none/https://ak-asset.jarir.com/akeneo-prod/asset/m1images/4/7/470317.jpg",206.08922448979592,166.066106122449,127.50119183673468,70.7144468538193,16.13473469387755,7670.108110511167,114.83563265306124,311.049699576843,1
حكايات الخمس دقائق قصص للاولاد مغامرات رائعة للاولاد,25.0,5.0,1,Five-minute story series,غلاف مقوى,Children & Young Adults,"https://www.jarir.com/cdn-cgi/image/fit=contain,width=350,height=auto,quality=85,metadata=none/https://ak-asset.jarir.com/akeneo-prod/asset/m1images/4/2/429633.jpg",167.11648163265306,169.26137142857144,179.522,68.29133361768558,23.3850612244898,5556.8921373218645,78.65281632653061,779.9610698376343,1
حكايات الخمس دقائق قصص للبنات قصص لطيفة و جذابة,25.0,5.0,3,Five-minute story series,غلاف مقوى,Children & Young Adults,"https://www.jarir.com/cdn-cgi/image/fit=contain,width=350,height=auto,quality=85,metadata=none/https://ak-asset.jarir.com/akeneo-prod/asset/m1images/4/2/429634.jpg",219.59568163265303,166.5265469387755,184.89526530612244,50.33276906611131,20.77261224489796,3058.784425859973,68.49424489795918,612.7438022501291,0
501 شيء لتبحث عنها الكثير من الاشياء للبحث عنها والعثور عليها 8 طيور,25.0,5.0,2,Greer's library.,غلاف مقوى,Children & Young Adults,"https://www.jarir.com/cdn-cgi/image/fit=contain,width=350,height=auto,quality=85,metadata=none/https://ak-asset.jarir.com/akeneo-prod/asset/m1images/4/2/429646.jpg",176.89195918367346,160.41549387755103,136.3027020408163,64.24444844636507,24.95669387755102,5484.354982827258,97.3527836734694,1081.9801584365846,1
صغار المزرعة,14.0,5.0,1,The fabulous little chain of animals.,كتاب مقوى,Children & Young Adults,"https://www.jarir.com/cdn-cgi/image/fit=contain,width=350,height=auto,quality=85,metadata=none/https://ak-asset.jarir.com/akeneo-prod/asset/m1images/4/5/452125.jpg",210.4821551020408,212.14884897959183,194.47619591836727,63.90482792354549,15.031469387755102,5629.891613831837,54.66130612244898,465.3789984522448,0
ألوان لتلمسها الاصفر,25.0,5.0,1,The color chain to touch.,كتاب مقوى,Children & Young Adults,"https://www.jarir.com/cdn-cgi/image/fit=contain,width=350,height=auto,quality=85,metadata=none/https://ak-asset.jarir.com/akeneo-prod/asset/m1images/4/5/452336.jpg",218.12823673469387,207.1141142857143,185.51861224489795,37.90809753087937,13.058081632653062,3108.344767824339,48.8024,456.2502381321783,0
أرنوب,23.0,5.0,1,Unknown,كتاب فلين,Children & Young Adults,"https://www.jarir.com/cdn-cgi/image/fit=contain,width=350,height=auto,quality=85,metadata=none/https://ak-asset.jarir.com/akeneo-prod/asset/m1images/4/2/420749.jpg",215.0956897959184,202.41075918367343,170.01563265306123,64.44352989817165,15.404081632653062,6525.545954892684,77.79403265306122,515.4679009438734,0
2.0 الذكاء العاطفي,50.0,5.0,1,Jane Griffs/ Travis Bradbury.,غلاف مقوى,Self-Help & Personal Development,"https://www.jarir.com/cdn-cgi/image/fit=contain,width=350,height=auto,quality=85,metadata=none/https://ak-asset.jarir.com/akeneo-prod/asset/4/5/e/f/45ef6f2ecc8eb58f278abe45945a6f6503e2fc75_357821.jpg",238.7215918367347,212.78201632653065,214.9208408163265,59.18694918309835,15.058530612244898,4405.721998889166,36.79697142857143,1058.0848244897293,0
الكلمات مكتبتي التعليمية الاولى,25.0,5.0,1,My first education library.,كتاب مقوى,Children & Young Adults,"https://www.jarir.com/cdn-cgi/image/fit=contain,width=350,height=auto,quality=85,metadata=none/https://ak-asset.jarir.com/akeneo-prod/asset/m1images/3/5/358318.jpg",178.1447918367347,139.8314448979592,173.48874285714285,81.39479181379437,15.614326530612244,6164.745811122402,102.39991836734694,511.5621900588754,1
الالوان مكتبتي التعليمية الاولى,25.0,5.0,1,My first education library.,كتاب مقوى,Children & Young Adults,"https://www.jarir.com/cdn-cgi/image/fit=contain,width=350,height=auto,quality=85,metadata=none/https://ak-asset.jarir.com/akeneo-prod/asset/e/3/1/a/e31a36a47784a6dcc8e07e56bfc9685940562bdd_358321.jpg",213.75646530612244,214.63043265306123,194.6640326530612,57.96740557458271,14.436122448979592,5538.79445736409,71.33207346938775,327.691354837551,0
كيف تكسب الاصدقاء وتؤثر في الناس في العصر الرقمي,64.0,5.0,1,Del Carnegie and his associates.,غلاف مقوى,Self-Help & Personal Development,"https://www.jarir.com/cdn-cgi/image/fit=contain,width=350,height=auto,quality=85,metadata=none/https://ak-asset.jarir.com/akeneo-prod/asset/m1images/3/9/392553.jpeg",191.854,169.35261224489795,172.58043265306122,62.90330901353054,13.68673469387755,4368.568057723586,46.08120816326531,494.3897998683882,0
الجريمة والعقاب,29.0,5.0,1,Viodor Dustowski,غلاف مقوى,Children & Young Adults,"https://www.jarir.com/cdn-cgi/image/fit=contain,width=350,height=auto,quality=85,metadata=none/https://ak-asset.jarir.com/akeneo-prod/asset/8/f/c/a/8fca81e6901b249c5c41033cfa246a50986c547e_589557.jpg",192.27257142857144,193.8460897959184,189.1521632653061,63.83547171113271,32.937673469387754,4489.584786509503,40.687902040816326,967.321881068155,0
كتابي الاول المصور الحروف الاشكال والالوان الارقام,29.0,5.0,1,Unknown,غلاف مقوى,Children & Young Adults,"https://www.jarir.com/cdn-cgi/image/fit=contain,width=350,height=auto,quality=85,metadata=none/https://ak-asset.jarir.com/akeneo-prod/asset/1/8/5/b/185b25e758673b74918ea58b6e7e49ffae339edb_585857.jpg",134.33589387755103,186.9667346938776,174.66142857142856,64.358067624894,21.27220408163265,7374.689687749297,135.15755918367347,482.9588651327948,1
الكتاب الكبير للانشطة الرائعة,49.0,5.0,1,Unknown,غلاف مقوى,Children & Young Adults,"https://www.jarir.com/cdn-cgi/image/fit=contain,width=350,height=auto,quality=85,metadata=none/https://ak-asset.jarir.com/akeneo-prod/asset/9/d/4/e/9d4e7d7b1c49f7adf15fcc8434ecd3cbdf2ea753_586093.jpg",187.876293877551,198.41757551020407,153.98364081632653,60.9595336391094,20.818408163265307,6558.8528716921655,100.52114285714286,578.905293754269,1
أساطير العالم بايجاز,35.0,5.0,1,Mark Daniels.,Paperback,History & Culture,"https://www.jarir.com/cdn-cgi/image/fit=contain,width=350,height=auto,quality=85,metadata=none/https://ak-asset.jarir.com/akeneo-prod/asset/0/5/7/6/0576fb396180de1f525f78446650084369871981_594705.jpg",160.52728979591836,164.46465306122448,186.60501224489795,85.7565119316406,32.30069387755102,6696.538506543539,69.2718612244898,2925.687934053877,1
العيون الفضية خمس ليال في مطعم فريدي رواية مصورة,49.0,5.0,1,Scott Booth.,Paperback,Children & Young Adults,"https://www.jarir.com/cdn-cgi/image/fit=contain,width=350,height=auto,quality=85,metadata=none/https://ak-asset.jarir.com/akeneo-prod/asset/d/a/5/d/da5d9f761120ffa32fa27f34e43ebddef056f247_613512.jpg",121.11155102040816,109.35065306122448,108.6461306122449,105.45504022253525,23.10195918367347,11332.139988471909,78.90364897959184,863.4538414921117,1
الاب الغني الاب الفقير مع تحديثات من أجل عالم اليوم,79.0,5.0,1,Robert T. Kiusaki,Paperback,Business & Finance,"https://www.jarir.com/cdn-cgi/image/fit=contain,width=350,height=auto,quality=85,metadata=none/https://ak-asset.jarir.com/akeneo-prod/asset/e/6/f/3/e6f368210f5b51045032371a774932eecde42d29_608932.jpg",152.81770612244898,135.8397387755102,135.62429387755105,90.92842494408865,17.487795918367347,8464.716712335276,56.755265306122446,784.7295020397503,1
كتاب الفلسفة,129.0,5.0,1,A series of big ideas is simply explained.,غلاف مقوى,Politics & Social Sciences,"https://www.jarir.com/cdn-cgi/image/fit=contain,width=350,height=auto,quality=85,metadata=none/https://ak-asset.jarir.com/akeneo-prod/asset/c/1/c/9/c1c91c6acafc6aaa0ba56610b6bfa690fcdb97e0_561985.jpg",225.2385959183673,193.0995755102041,56.71465306122449,61.82506855707802,24.80681632653061,11262.121669997936,193.21268571428573,1911.0588081632648,1
المتميز في مقياس موهبة 9-10 الطبعة الخامسة,90.0,5.0,1,Ibrahim Qashir,Paperback,Education & Reference,"https://www.jarir.com/cdn-cgi/image/fit=contain,width=350,height=auto,quality=85,metadata=none/https://ak-asset.jarir.com/akeneo-prod/asset/2/2/c/0/22c02b48171d7082bb8f15641e2d78df1b415af5_638421.jpg",188.39315918367348,184.80514285714287,168.6856,69.03923425276732,22.01534693877551,5959.3302719771655,60.63892244897959,573.033606304773,1
لا تصدق كل ما تفكر فيه لماذا يعد تفكيرك بدايه و نهاية المعاناة,29.0,5.0,1,Joseph Niwin.,Paperback,Self-Help & Personal Development,"https://www.jarir.com/cdn-cgi/image/fit=contain,width=350,height=auto,quality=85,metadata=none/https://ak-asset.jarir.com/akeneo-prod/asset/8/4/5/6/845682015a05076368665e197f34f5118875f4b5_620681.jpg",247.5431836734694,247.5431836734694,247.5431836734694,32.27504179587453,9.250775510204084,1041.6783229254477,0.0,892.4569713933193,0
أميرات ديزني كتاب المتعة الكبير,35.0,5.0,1,Greer's library.,Paperback,Children & Young Adults,"https://www.jarir.com/cdn-cgi/image/fit=contain,width=350,height=auto,quality=85,metadata=none/https://ak-asset.jarir.com/akeneo-prod/asset/m1images/4/9/493453.jpg",166.80020408163264,147.20727346938776,174.49694693877552,70.9128653036148,20.606081632653066,4919.638317099253,73.88262040816326,765.6072651885715,1
سيكولوجية البيع زد من مبيعاتك أسرع وأسهل مما كنت تعتقد من قبل,39.0,5.0,1,Brian Tracy.,Paperback,Business & Finance,"https://www.jarir.com/cdn-cgi/image/fit=contain,width=350,height=auto,quality=85,metadata=none/https://ak-asset.jarir.com/akeneo-prod/asset/m1images/4/9/494140.jpg",227.24614693877552,186.07964897959184,189.3113224489796,77.60599439418284,16.33665306122449,7496.3328760297345,58.99190204081633,1088.649711518534,0
كتاب الانشطة الكبير للبنات,45.0,5.0,1,Greer's library.,Paperback,Children & Young Adults,"https://www.jarir.com/cdn-cgi/image/fit=contain,width=350,height=auto,quality=85,metadata=none/https://ak-asset.jarir.com/akeneo-prod/asset/m1/delta/503728.jpg",179.29617142857143,111.67403265306122,188.40914285714285,86.00667149677547,16.45530612244898,7864.452050564858,138.53902040816325,765.146570270654,1
فن قول لا كيف,27.0,5.0,1,Damon Zahariyad.,Paperback,Self-Help & Personal Development,"https://www.jarir.com/cdn-cgi/image/fit=contain,width=350,height=auto,quality=85,metadata=none/https://ak-asset.jarir.com/akeneo-prod/asset/m1images/5/3/538028.jpg",237.3329959183673,154.0861632653061,129.80742857142857,65.80124999558791,9.973102040816327,8219.0856050827,121.37407346938777,360.4709958831154,1
لا تكن لطيفا أكثر من اللازم كيف تتجنب تسعة أخطاء ضارة بك,39.0,5.0,1,Duke Robinson.,Paperback,Self-Help & Personal Development,"https://www.jarir.com/cdn-cgi/image/fit=contain,width=350,height=auto,quality=85,metadata=none/https://ak-asset.jarir.com/akeneo-prod/asset/8/1/e/4/81e434ec2e51a38f04a0f21fc0ae28cd5d817027_198814.jpg",221.5807836734694,214.42422040816328,208.9844326530612,79.57090581479089,14.719224489795918,6823.485957669964,25.85439183673469,1335.6475183379594,0
مذكرة الهدوء,32.0,5.0,1,I'm Barnes.,Paperback,Self-Help & Personal Development,"https://www.jarir.com/cdn-cgi/image/fit=contain,width=350,height=auto,quality=85,metadata=none/https://ak-asset.jarir.com/akeneo-prod/asset/m1/delta/549575.jpg",215.56661224489795,224.57493061224488,230.4253306122449,44.8128559000309,7.433510204081632,2051.36406636965,18.62811428571429,590.5569142857142,0
شركاء في الجريمة,37.0,4.3,3,Agatha Christie.,Paperback,Fiction Genres,"https://www.jarir.com/cdn-cgi/image/fit=contain,width=350,height=auto,quality=85,metadata=none/https://ak-asset.jarir.com/akeneo-prod/asset/m1images/3/2/321383.jpg",141.85228571428573,141.91930612244897,144.2369469387755,107.13643604175212,13.495224489795918,11425.054702102894,55.99064489795919,731.6092571428571,1
المتميزون قصة نجاح,34.0,5.0,2,Malcolm Galadwell,Paperback,Self-Help & Personal Development,"https://www.jarir.com/cdn-cgi/image/fit=contain,width=350,height=auto,quality=85,metadata=none/https://ak-asset.jarir.com/akeneo-prod/asset/m1images/3/4/348039.jpg",239.82573877551025,238.6990857142857,239.3331836734694,45.64040042480831,9.24869387755102,2018.335231014959,4.298448979591837,647.7240162303041,0
كتاب لغة الجسد كيف تقرأ الافكار والنوايا الخفية لكل شخص,35.0,5.0,1,Marianne Carinec/Gregorje Hartley,Paperback,Self-Help & Personal Development,"https://www.jarir.com/cdn-cgi/image/fit=contain,width=350,height=auto,quality=85,metadata=none/https://ak-asset.jarir.com/akeneo-prod/asset/m1images/3/6/365509.jpeg",243.40231020408163,240.3526857142857,239.91269387755105,42.9832017343583,12.762489795918368,1892.0747921235488,7.142375510204082,912.7747509910204,0
الكتاب الصغير لالعاب المخ الكبيرة,53.0,5.0,1,Ivan Mosković,Paperback,Self-Help & Personal Development,"https://www.jarir.com/cdn-cgi/image/fit=contain,width=350,height=auto,quality=85,metadata=none/https://ak-asset.jarir.com/akeneo-prod/asset/m1images/3/8/382945.jpg",228.00595918367347,224.59168163265304,212.20368163265303,60.594999794523964,19.423714285714286,4757.888064023368,41.89169795918368,1169.8455346938777,0
قراءة الوجوه بسرعة ويسر,45.0,4.0,1,Richard Webster.,Paperback,Self-Help & Personal Development,"https://www.jarir.com/cdn-cgi/image/fit=contain,width=350,height=auto,quality=85,metadata=none/https://ak-asset.jarir.com/akeneo-prod/asset/m1images/4/1/410998.jpg",220.32135510204083,177.44622857142858,136.0921632653061,68.59336224446211,13.053918367346938,7372.337833389709,106.8680163265306,611.9566368740358,1
المستثمر الذكي الكتاب الشامل حول الاستثمار القائم علي مبدأ القيمة,145.0,5.0,2,Benjamin Graham.,Paperback,Business & Finance,"https://www.jarir.com/cdn-cgi/image/fit=contain,width=350,height=auto,quality=85,metadata=none/https://ak-asset.jarir.com/akeneo-prod/asset/m1images/4/2/426451.jpg",196.9918612244898,124.17340408163264,120.96783673469388,87.9377875687638,14.265428571428572,9443.334504100878,124.33684897959184,654.5926122448315,1
اللغة الانجليزية,18.0,5.0,1,Greer's library.,Paperback,Children & Young Adults,"https://www.jarir.com/cdn-cgi/image/fit=contain,width=350,height=auto,quality=85,metadata=none/https://ak-asset.jarir.com/akeneo-prod/asset/m1images/4/4/446374.jpg",150.19047346938777,163.8249551020408,182.73044897959184,66.27200071926211,28.703632653061224,5330.975462284049,107.71408163265306,1352.9388037408414,1
الراهب الذي باع سيارته الفيراري قصة خيالية حول تحقيق أحلامك وبلوغ مصيرك,45.0,5.0,2,Robin Sharma.,Paperback,Self-Help & Personal Development,"https://www.jarir.com/cdn-cgi/image/fit=contain,width=350,height=auto,quality=85,metadata=none/https://ak-asset.jarir.com/akeneo-prod/asset/m1images/2/8/282871.jpg",205.86514285714287,213.8129551020408,193.18243265306123,57.71193652845561,18.863755102040816,3921.2482269074926,43.08751836734694,886.5812489235485,0
تنمية العقل لسن 3 سنوات فما فوق كتاب أنشطة,18.0,5.0,1,Drum Land.,Paperback,Children & Young Adults,"https://www.jarir.com/cdn-cgi/image/fit=contain,width=350,height=auto,quality=85,metadata=none/https://ak-asset.jarir.com/akeneo-prod/asset/m1images/4/4/446376.jpg",185.3847183673469,161.59627755102042,159.6958857142857,74.57915185988202,32.76489795918367,6220.10349054765,84.20364081632653,1344.207332418159,1
أحبك يا أبي عربي انجليزي,35.0,5.0,1,Arlene.,Paperback,Children & Young Adults,"https://www.jarir.com/cdn-cgi/image/fit=contain,width=350,height=auto,quality=85,metadata=none/https://ak-asset.jarir.com/akeneo-prod/asset/m1images/4/4/446757.jpg",165.42486530612246,166.00609795918368,110.0446693877551,71.46009235629198,28.01669387755102,8537.320363050769,135.0941306122449,1064.5869679779423,1
أحبك يا أمي عربي انجليزي,35.0,5.0,1,Arlene.,Paperback,Children & Young Adults,"https://www.jarir.com/cdn-cgi/image/fit=contain,width=350,height=auto,quality=85,metadata=none/https://ak-asset.jarir.com/akeneo-prod/asset/m1images/4/4/446758.jpg",216.60655510204083,158.24271020408165,174.29890612244898,63.49089749738809,33.61004081632653,5536.814352417596,93.56311836734696,872.882424478534,1
كن الافضل في وول ستريت كيف تستخدم ما تعرفه بالفعل لتكسب مالا,59.0,5.0,1,John Rothschild/Peter Lynch,Paperback,Business & Finance,"https://www.jarir.com/cdn-cgi/image/fit=contain,width=350,height=auto,quality=85,metadata=none/https://ak-asset.jarir.com/akeneo-prod/asset/m1images/4/5/450790.jpg",158.02262040816328,146.63338775510204,136.50029387755103,93.81020377097288,20.11481632653061,9655.773369872852,60.62557551020408,802.5095000232567,1
الخمسة المشتبه بهم القرود الخمسة الصغيرة,37.0,5.0,1,Agatha Christie.,Paperback,Fiction Genres,"https://www.jarir.com/cdn-cgi/image/fit=contain,width=350,height=auto,quality=85,metadata=none/https://ak-asset.jarir.com/akeneo-prod/asset/6/5/b/4/65b468a50c818a0b3bfb60026d067153436e19dc_451326.jpg",181.27638367346933,148.8158530612245,156.84341224489796,88.42616265893062,17.171387755102042,8088.897235121,55.554391836734695,588.4509051945688,1
كتاب التلوين للكبار تصميمات للحيوانات تساعد على التخلص من التوتر,45.0,5.0,1,Greer's library issues.,Paperback,"Arts, Crafts, & Hobbies","https://www.jarir.com/cdn-cgi/image/fit=contain,width=350,height=auto,quality=85,metadata=none/https://ak-asset.jarir.com/akeneo-prod/asset/m1images/4/5/457899.jpg",111.91990204081632,108.18415510204082,106.74470204081632,95.62905312637768,32.72326530612245,9264.800470713284,39.71101224489796,2281.2868599642816,1
التلوين الباعث على السعادة والنشاط فن الوعي التام,45.0,5.0,1,Greer's library issues.,Paperback,"Arts, Crafts, & Hobbies","https://www.jarir.com/cdn-cgi/image/fit=contain,width=350,height=auto,quality=85,metadata=none/https://ak-asset.jarir.com/akeneo-prod/asset/m1images/4/5/458469.jpg",184.9303673469388,156.44769795918367,168.65072653061225,60.43916623425668,43.454081632653065,3573.6910997289738,53.01609795918368,2863.2623420238897,1
الالهام صفحات ابداعية من أجل الاسترخاء والاستمتاع,30.0,5.0,1,Valentina Harper.,Paperback,"Arts, Crafts, & Hobbies","https://www.jarir.com/cdn-cgi/image/fit=contain,width=350,height=auto,quality=85,metadata=none/https://ak-asset.jarir.com/akeneo-prod/asset/m1images/4/5/458848.jpg",212.37639183673468,219.08249795918368,217.0705632653061,55.87259428343812,39.459428571428575,3339.983917218462,26.483028571428573,2580.985764857709,0
مكتبتي الصغيرة حكايات البنات,59.0,5.0,1,My little library series.,Paperback,Children & Young Adults,"https://www.jarir.com/cdn-cgi/image/fit=contain,width=350,height=auto,quality=85,metadata=none/https://ak-asset.jarir.com/akeneo-prod/asset/m1images/4/6/464486.jpg",139.93879183673468,113.86302040816328,144.49902040816326,60.51952595960037,33.73285714285714,3946.4907244581127,85.72857959183673,1206.6957488848975,1
ارسم ولون كتاب أنشطة وتلوين ممتع,20.0,5.0,1,Greer's library.,Paperback,Children & Young Adults,"https://www.jarir.com/cdn-cgi/image/fit=contain,width=350,height=auto,quality=85,metadata=none/https://ak-asset.jarir.com/akeneo-prod/asset/m1images/4/7/477861.jpg",229.1184,233.1927673469388,218.7090448979592,48.6164810308542,13.840775510204082,3665.307638960981,34.66494693877551,636.843557974777,0
كن آمنا داخل المدرسة,19.0,0.0,0,Be safe.,كتاب فلين,Children & Young Adults,"https://www.jarir.com/cdn-cgi/image/fit=contain,width=350,height=auto,quality=85,metadata=none/https://ak-asset.jarir.com/akeneo-prod/asset/m1images/4/7/477599.jpg",225.2655918367347,214.49531428571427,197.97275102040817,55.19169300774914,14.74004081632653,3929.811650822314,45.05654693877551,422.0164451171345,0
كن آمنا داخل السوق,19.0,0.0,0,Be safe.,كتاب فلين,Children & Young Adults,"https://www.jarir.com/cdn-cgi/image/fit=contain,width=350,height=auto,quality=85,metadata=none/https://ak-asset.jarir.com/akeneo-prod/asset/m1images/4/7/477600.jpg",216.1022758902988,216.2604093327876,216.06681129758493,53.07385995347297,21.02210397052804,3137.8239435339383,28.33373720835039,744.3137735302934,0
كن آمنا على الطريق,19.0,0.0,0,Be safe.,كتاب فلين,Children & Young Adults,"https://www.jarir.com/cdn-cgi/image/fit=contain,width=350,height=auto,quality=85,metadata=none/https://ak-asset.jarir.com/akeneo-prod/asset/m1images/4/7/477602.jpg",221.05087346938777,206.78669387755104,196.31779591836727,61.47637070790947,15.306244897959184,4545.427070409372,45.61909387755102,520.3657810186422,0
لماذا أسئلة يطرحها الاطفال,35.0,0.0,0,Greer's library.,غلاف مقوى,Children & Young Adults,"https://www.jarir.com/cdn-cgi/image/fit=contain,width=350,height=auto,quality=85,metadata=none/https://ak-asset.jarir.com/akeneo-prod/asset/m1images/4/7/477604.jpg",159.82263673469387,201.6401306122449,79.03155102040816,44.596532079719225,19.253020408163263,7031.413595506199,168.3868244897959,543.618260485531,1
قصص يتشارك الاطفال في قرائتها 5 حكايات للمتعة,39.0,0.0,0,5 tales of joy,غلاف مقوى,Children & Young Adults,"https://www.jarir.com/cdn-cgi/image/fit=contain,width=350,height=auto,quality=85,metadata=none/https://ak-asset.jarir.com/akeneo-prod/asset/m1images/4/7/478141.jpg",203.5270693877551,213.45940408163264,232.3917551020408,34.78579236431536,13.389061224489796,1357.2481292839905,38.38677551020408,245.19889189877543,0
قوة الثقة بالنفس كيف تصبح شخصا شجاعا لا يمكن ايقافه,50.0,0.0,0,Brian Tracy.,غلاف مقوى,Self-Help & Personal Development,"https://www.jarir.com/cdn-cgi/image/fit=contain,width=350,height=auto,quality=85,metadata=none/https://ak-asset.jarir.com/akeneo-prod/asset/m1images/4/7/476108.jpg",194.37233469387755,171.68072653061225,184.90702040816328,96.49716326912149,10.279102040816326,9764.452505033274,70.31108571428571,988.7891755099376,1
حكايات لخمس دقائق قصص وقت النوم كنز مكون من 5 قصص يجب مشاركتها,25.0,0.0,0,Five-minute story series.,غلاف مقوى,Children & Young Adults,"https://www.jarir.com/cdn-cgi/image/fit=contain,width=350,height=auto,quality=85,metadata=none/https://ak-asset.jarir.com/akeneo-prod/asset/m1/delta/504088.jpg",143.39222040816327,123.59735510204082,130.69450612244898,78.68453169894606,21.99036734693877,7774.897870257764,135.68212244897958,653.1391918313368,1
16 قصة أخلاقية رائعة الجزء الاول,45.0,0.0,0,Greer's library.,غلاف مقوى,Children & Young Adults,"https://www.jarir.com/cdn-cgi/image/fit=contain,width=350,height=auto,quality=85,metadata=none/https://ak-asset.jarir.com/akeneo-prod/asset/m1/delta/504108.jpg",178.3465387755102,195.88764081632647,182.65688163265307,53.04945067833788,15.982775510204082,3935.303576609561,73.28138775510205,520.8336374427322,0
16 قصة أخلاقية رائعة الجزء الثاني,45.0,0.0,0,Greer's library.,غلاف مقوى,Children & Young Adults,"https://www.jarir.com/cdn-cgi/image/fit=contain,width=350,height=auto,quality=85,metadata=none/https://ak-asset.jarir.com/akeneo-prod/asset/m1/delta/504111.jpg",218.73578775510205,192.0943428571429,120.19128979591837,52.98311910094295,19.627714285714287,6627.655023848389,123.63829387755102,627.0371028388172,1
حكايات جحا,49.0,0.0,0,Greer's library.,غلاف مقوى,Children & Young Adults,"https://www.jarir.com/cdn-cgi/image/fit=contain,width=350,height=auto,quality=85,metadata=none/https://ak-asset.jarir.com/akeneo-prod/asset/m1/delta/502664.jpg",176.00627755102042,169.08728163265306,122.79571428571428,72.94118015592889,21.848816326530613,7094.28274113863,111.92431020408164,497.9412571787755,1
365 قصة للبنات,49.0,0.0,0,Greer's library.,غلاف مقوى,Children & Young Adults,"https://www.jarir.com/cdn-cgi/image/fit=contain,width=350,height=auto,quality=85,metadata=none/https://ak-asset.jarir.com/akeneo-prod/asset/m1/delta/502670.jpg",196.2824897959184,138.89059591836735,147.73004897959183,69.39755117945366,27.54416326530612,6820.544328885512,118.74324897959184,539.9003367479551,1
ديزني ملكة الثلج 5 دقائق من كنز الحكايات,29.0,0.0,0,Greer's library.,غلاف مقوى,Children & Young Adults,"https://www.jarir.com/cdn-cgi/image/fit=contain,width=350,height=auto,quality=85,metadata=none/https://ak-asset.jarir.com/akeneo-prod/asset/m1images/4/9/493440.jpg",152.3072163265306,173.26989387755103,174.5525142857143,63.62936266156766,26.199428571428573,4174.313925344877,54.990204081632655,920.8169071592836,1
صوفيا تصبح أميرة مجموعة قصص قصيرة,35.0,0.0,0,Greer's library.,غلاف مقوى,Children & Young Adults,"https://www.jarir.com/cdn-cgi/image/fit=contain,width=350,height=auto,quality=85,metadata=none/https://ak-asset.jarir.com/akeneo-prod/asset/m1images/4/9/493445.jpg",177.7507836734694,139.54584489795917,125.21389387755102,56.04570977816865,31.42016326530612,5242.530847561508,121.33464489795918,679.2918729443398,1
أميرات ديزني 5 دقائق من كنز الحكايات,39.0,0.0,0,Greer's library.,غلاف مقوى,Children & Young Adults,"https://www.jarir.com/cdn-cgi/image/fit=contain,width=350,height=auto,quality=85,metadata=none/https://ak-asset.jarir.com/akeneo-prod/asset/m1images/4/9/493448.jpg",218.7311673469388,181.40512653061225,183.9165142857143,45.52715134807895,17.999877551020408,3825.6868039764113,79.02184489795918,300.27998295270305,0
ديزني بيكسار مجموعة قصص قصيرة,35.0,0.0,0,Greer's library.,غلاف مقوى,Children & Young Adults,"https://www.jarir.com/cdn-cgi/image/fit=contain,width=350,height=auto,quality=85,metadata=none/https://ak-asset.jarir.com/akeneo-prod/asset/m1images/4/9/493454.jpg",103.05377142857142,94.32384489795918,88.6289224489796,40.42951766247928,16.973632653061223,3160.3864378797653,151.04329795918366,395.4726914908121,1
ديزني ملكة الثلج فروزن محموعة قصص قصيرة,35.0,0.0,0,Greer's library.,غلاف مقوى,Children & Young Adults,"https://www.jarir.com/cdn-cgi/image/fit=contain,width=350,height=auto,quality=85,metadata=none/https://ak-asset.jarir.com/akeneo-prod/asset/m1images/4/9/493457.jpg",133.5009142857143,135.58162448979593,121.43017142857144,57.80047291115145,27.62326530612245,4016.403289986588,91.99822040816326,475.1097985239483,1
اصنع ديناصورك مليء بحقائق الديناصورات الشرسة,25.0,5.0,1,Greer's library.,غلاف مقوى,Children & Young Adults,"https://www.jarir.com/cdn-cgi/image/fit=contain,width=350,height=auto,quality=85,metadata=none/https://ak-asset.jarir.com/akeneo-prod/asset/m1images/5/1/518191.jpg",170.89364081632652,169.6718775510204,150.70160816326532,82.08007114630927,33.73077551020408,7786.630120470329,68.07208163265307,1323.5963631432903,1
1001 شيء للبحث عنها القراصنة,30.0,0.0,0,1001 things to look for.,غلاف مقوى,Children & Young Adults,"https://www.jarir.com/cdn-cgi/image/fit=contain,width=350,height=auto,quality=85,metadata=none/https://ak-asset.jarir.com/akeneo-prod/asset/m1images/5/1/518206.jpg",129.54814693877552,168.2368244897959,174.54790204081633,60.83640880534558,39.10763265306122,5816.830537341079,115.03711836734692,1745.774389835902,1
1001 شيء للبحث عنها لاعبة الاستعراض,30.0,0.0,0,1001 things to look for.,غلاف مقوى,Children & Young Adults,"https://www.jarir.com/cdn-cgi/image/fit=contain,width=350,height=auto,quality=85,metadata=none/https://ak-asset.jarir.com/akeneo-prod/asset/m1images/5/1/518207.jpg",169.74322448979592,119.48725714285716,153.42128163265306,77.61910891063424,40.12555102040816,6359.679653123931,120.32847346938776,1247.5620684477467,1
1001 شيء للبحث عنها مدرسة المسرح,30.0,0.0,0,1001 things to look for.,غلاف مقوى,Children & Young Adults,"https://www.jarir.com/cdn-cgi/image/fit=contain,width=350,height=auto,quality=85,metadata=none/https://ak-asset.jarir.com/akeneo-prod/asset/m1images/5/1/518209.jpg",210.33420408163263,139.7819836734694,150.06017142857144,56.266387952335855,27.26522448979592,6378.778196767526,142.64594285714287,675.2221951549521,1
حكايات الخمس دقائق حكايات عن الخيول,25.0,0.0,0,Five-minute story series,غلاف مقوى,Children & Young Adults,"https://www.jarir.com/cdn-cgi/image/fit=contain,width=350,height=auto,quality=85,metadata=none/https://ak-asset.jarir.com/akeneo-prod/asset/m1images/5/1/518210.jpg",152.83019591836734,181.70248163265308,163.9041224489796,55.74638256713927,24.24269387755102,6477.855753020954,129.29515102040816,756.9501142563265,1
حكايات الخمس دقائق حكايات عن الارانب,25.0,0.0,0,Five-minute story series,غلاف مقوى,Children & Young Adults,"https://www.jarir.com/cdn-cgi/image/fit=contain,width=350,height=auto,quality=85,metadata=none/https://ak-asset.jarir.com/akeneo-prod/asset/m1images/5/1/518211.jpg",149.67311020408164,164.12634285714284,137.68631020408162,63.49555371498394,24.87967346938776,7308.0255366631645,143.32937142857142,853.4434245844898,1
حكايات الخمس دقائق حكايات عن الكلاب,15.0,0.0,0,Five-minute story series,غلاف مقوى,Children & Young Adults,"https://www.jarir.com/cdn-cgi/image/fit=contain,width=350,height=auto,quality=85,metadata=none/https://ak-asset.jarir.com/akeneo-prod/asset/m1images/5/1/518212.jpg",179.10139591836736,174.8773469387755,164.32914285714287,67.89362416047804,26.189020408163262,7139.491227013516,106.43377959183674,863.0646304908955,1
حكايات الخمس دقائق حكايات عن القطط,25.0,0.0,0,Five-minute story series,غلاف مقوى,Children & Young Adults,"https://www.jarir.com/cdn-cgi/image/fit=contain,width=350,height=auto,quality=85,metadata=none/https://ak-asset.jarir.com/akeneo-prod/asset/m1images/5/1/518213.jpg",157.6052,183.8738775510204,132.58003265306124,56.60268218593208,23.27889795918368,6887.316180483457,137.1733306122449,781.4910135360267,1
ملكة الثلج فروزن مجموعة قصصية,36.0,0.0,0,Disney.,غلاف مقوى,Children & Young Adults,"https://www.jarir.com/cdn-cgi/image/fit=contain,width=350,height=auto,quality=85,metadata=none/https://ak-asset.jarir.com/akeneo-prod/asset/m1images/5/2/521414.jpg",131.4554775510204,160.48768163265305,196.73503673469384,61.52589938059029,25.45628571428572,4820.708523502311,105.3219836734694,571.5197057959183,1
365 سؤالا واجابة مدهشة,46.0,0.0,0,Greer's library.,غلاف مقوى,Children & Young Adults,"https://www.jarir.com/cdn-cgi/image/fit=contain,width=350,height=auto,quality=85,metadata=none/https://ak-asset.jarir.com/akeneo-prod/asset/m1images/5/2/522840.jpg",213.7043918367347,157.8573387755102,116.91644081632651,67.1605616072234,29.95885714285714,8021.78546633143,125.1811836734694,892.2656997783588,1
حكايات ايسوب اكتشف عالم حكايات الحيوانات العجيب,19.0,0.0,0,Find out the world of wonder animal stories.,غلاف مقوى,Children & Young Adults,"https://www.jarir.com/cdn-cgi/image/fit=contain,width=350,height=auto,quality=85,metadata=none/https://ak-asset.jarir.com/akeneo-prod/asset/m1images/3/4/346666.jpg",187.4183346938776,135.45150204081634,111.23496326530612,74.2095909907541,33.7994693877551,8628.204894854967,134.44550204081634,1069.1181782987755,1
العب وتعلم الارقام,25.0,0.0,0,Play chain and learn.,غلاف مقوى,Children & Young Adults,"https://www.jarir.com/cdn-cgi/image/fit=contain,width=350,height=auto,quality=85,metadata=none/https://ak-asset.jarir.com/akeneo-prod/asset/m1images/3/5/357966.jpg",118.8216401043176,173.14336134453782,160.38720370906984,56.12428757941942,19.053694581280787,7517.901224402551,179.50710518690235,981.5088499496828,1
كتابى الكبير للكلمات يحوي ما يزيد على 1000 كلمة بسيطة للاطفال,35.0,0.0,0,Unknown,كتاب مقوى,Children & Young Adults,"https://www.jarir.com/cdn-cgi/image/fit=contain,width=350,height=auto,quality=85,metadata=none/https://ak-asset.jarir.com/akeneo-prod/asset/m1images/3/5/358317.jpg",205.27327346938776,200.79739591836736,174.15212244897958,59.736528795627535,17.444081632653063,4881.556182825571,69.11746938775511,726.5707616535775,0
صوفي والقصيدة المثالية العادات 7 للاطفال السعداء العادة 6,9.0,0.0,0,Shawn Kofi,غلاف مقوى,Children & Young Adults,"https://www.jarir.com/cdn-cgi/image/fit=contain,width=350,height=auto,quality=85,metadata=none/https://ak-asset.jarir.com/akeneo-prod/asset/m1images/5/1/517285.jpg",221.1961469387755,193.3903836734694,169.2286530612245,33.34080987758138,24.975428571428573,2906.7408669010138,83.32454693877551,672.3534608885632,0
تعلم الانجليزية في 1000 كلمة,35.0,0.0,0,I'm Serena Fard.,غلاف مقوى,Children & Young Adults,"https://www.jarir.com/cdn-cgi/image/fit=contain,width=350,height=auto,quality=85,metadata=none/https://ak-asset.jarir.com/akeneo-prod/asset/m1images/3/3/330695.jpg",173.90022857142858,177.4767591836735,183.4908081632653,58.11127417970261,32.12167346938776,3827.366249392198,56.2458693877551,1067.1099542403333,0
جوجو وفطيرة الجوز العادات 7 للاطفال السعداء العادة 4,9.0,0.0,0,Shawn Kofi,غلاف مقوى,Children & Young Adults,"https://www.jarir.com/cdn-cgi/image/fit=contain,width=350,height=auto,quality=85,metadata=none/https://ak-asset.jarir.com/akeneo-prod/asset/m1images/5/1/517287.jpg",218.24699591836736,208.4176734693877,160.71290612244897,41.9574505136247,24.77351020408163,2832.891389569095,79.83091428571429,887.9557947076052,0
365 حكاية,49.0,0.0,0,365 tale series,غلاف مقوى,Children & Young Adults,"https://www.jarir.com/cdn-cgi/image/fit=contain,width=350,height=auto,quality=85,metadata=none/https://ak-asset.jarir.com/akeneo-prod/asset/m1images/3/3/334983.jpg",169.7701841997544,146.99300040933278,158.71186246418338,72.97328207344982,18.729922226770363,5824.071139712994,107.5367171510438,483.5038734426128,1
ليلي والبسكويت المقزز العادات 7 للاطفال السعداء العادة 5,9.0,0.0,0,Shawn Kofi,غلاف مقوى,Children & Young Adults,"https://www.jarir.com/cdn-cgi/image/fit=contain,width=350,height=auto,quality=85,metadata=none/https://ak-asset.jarir.com/akeneo-prod/asset/m1images/5/1/517289.jpg",220.7126448979592,208.68915102040816,167.1229632653061,41.62328862149416,26.207755102040817,3104.08663029968,86.50690612244898,934.3195361436734,0
أفضل 365 حكاية,49.0,0.0,0,356 tale series,غلاف مقوى,Children & Young Adults,"https://www.jarir.com/cdn-cgi/image/fit=contain,width=350,height=auto,quality=85,metadata=none/https://ak-asset.jarir.com/akeneo-prod/asset/m1images/3/3/334984.jpg",199.0717224489796,131.36699591836734,124.36351020408163,80.42832148894709,20.22930612244898,8367.620721625037,128.33609795918366,609.0561946209746,1
الدب جوب وجده العادات 7 للاطفال السعداء العادة 7,9.0,0.0,0,Shawn Kofi,غلاف مقوى,Children & Young Adults,"https://www.jarir.com/cdn-cgi/image/fit=contain,width=350,height=auto,quality=85,metadata=none/https://ak-asset.jarir.com/akeneo-prod/asset/m1images/5/1/517291.jpg",200.76345306122448,206.1603346938776,177.45567346938776,40.09970315176462,24.59657142857143,2566.1214595233027,65.52897142857142,772.5997253661641,0
قاموس الاطفال المصور 2000 كلمة للاطفال من سن سبع سنوات الى ثماني سنوات,49.0,0.0,0,Sonal Bharara.,غلاف مقوى,Children & Young Adults,"https://www.jarir.com/cdn-cgi/image/fit=contain,width=350,height=auto,quality=85,metadata=none/https://ak-asset.jarir.com/akeneo-prod/asset/m1images/3/5/352641.jpg",221.9269959183673,197.21169795918368,113.75829387755104,51.87359071225445,18.61812244897959,7691.084570601795,139.62142857142857,457.9562676220908,1
أنا أحب حيوانات المزرعة,25.0,0.0,0,Unknown,كتاب مقوى,Children & Young Adults,"https://www.jarir.com/cdn-cgi/image/fit=contain,width=350,height=auto,quality=85,metadata=none/https://ak-asset.jarir.com/akeneo-prod/asset/m1images/3/4/341792.jpg",198.9191102040816,186.0413551020408,158.96693877551022,69.15622861865457,24.7110612244898,6255.555197645804,78.6786612244898,609.579246161033,1
أنا أحب الحيوانات البرية,25.0,0.0,0,Unknown,كتاب مقوى,Children & Young Adults,"https://www.jarir.com/cdn-cgi/image/fit=contain,width=350,height=auto,quality=85,metadata=none/https://ak-asset.jarir.com/akeneo-prod/asset/m1images/3/4/341793.jpg",172.85885714285715,157.97665306122448,130.65138775510204,70.70602693819782,25.47085714285714,6372.540937842381,92.5628163265306,527.5653226446315,1
المس واستشعر الحيوانات من حولنا,29.0,0.0,0,The chain of my best friends.,غلاف مقوى,Children & Young Adults,"https://www.jarir.com/cdn-cgi/image/fit=contain,width=350,height=auto,quality=85,metadata=none/https://ak-asset.jarir.com/akeneo-prod/asset/m1images/3/6/360461.jpg",197.51597551020407,189.3870612244898,138.37060408163265,47.86436540703125,22.454571428571427,5643.873723615597,122.07104489795918,577.8516112353185,1
المس واستشعر صغار الحيوانات,29.0,0.0,0,The chain of my best friends.,غلاف مقوى,Children & Young Adults,"https://www.jarir.com/cdn-cgi/image/fit=contain,width=350,height=auto,quality=85,metadata=none/https://ak-asset.jarir.com/akeneo-prod/asset/m1images/3/6/360462.jpg",213.7554448979592,188.4951918367347,143.02955918367346,48.07477976739189,20.021142857142856,6009.377663995734,119.6211918367347,602.0061223994002,1
المس واستشعر حيوانات المزرعة,29.0,0.0,0,The chain of my best friends.,غلاف مقوى,Children & Young Adults,"https://www.jarir.com/cdn-cgi/image/fit=contain,width=350,height=auto,quality=85,metadata=none/https://ak-asset.jarir.com/akeneo-prod/asset/m1images/3/6/360463.jpg",143.81554285714284,160.22977959183677,126.41797551020407,42.02472172653441,21.7634693877551,5187.563488424149,148.46949387755103,651.9606973171844,1
المس واستشعر الحيوانات البرية,29.0,0.0,0,The chain of my best friends.,غلاف مقوى,Children & Young Adults,"https://www.jarir.com/cdn-cgi/image/fit=contain,width=350,height=auto,quality=85,metadata=none/https://ak-asset.jarir.com/akeneo-prod/asset/m1images/3/6/360464.jpg",185.15525714285715,167.22203265306123,145.73642448979592,59.427221905652296,16.60934693877551,5153.061795882084,104.74789387755102,371.8738760087297,1
من أنا ؟ القطة,25.0,0.0,0,A series of me.,كتاب فلين,Children & Young Adults,"https://www.jarir.com/cdn-cgi/image/fit=contain,width=350,height=auto,quality=85,metadata=none/https://ak-asset.jarir.com/akeneo-prod/asset/m1images/3/6/362138.jpg",117.0192,136.0908081632653,127.92059591836734,71.62678433263984,22.958326530612243,8626.29904423156,184.19986938775511,515.6734395502542,1
من أنا ؟ الاسد,25.0,0.0,0,A series of me.,كتاب فلين,Children & Young Adults,"https://www.jarir.com/cdn-cgi/image/fit=contain,width=350,height=auto,quality=85,metadata=none/https://ak-asset.jarir.com/akeneo-prod/asset/m1images/3/6/362139.jpg",155.59940408163266,131.7503918367347,96.5801387755102,73.51691186162024,23.054081632653062,7910.548959301112,159.12648979591836,639.1094069787588,1
مغامرات القطة قطقوطة,25.0,0.0,0,Small animal story series,كتاب فلين,Children & Young Adults,"https://www.jarir.com/cdn-cgi/image/fit=contain,width=350,height=auto,quality=85,metadata=none/https://ak-asset.jarir.com/akeneo-prod/asset/m1images/3/6/362141.jpg",210.7798612244898,195.91168163265303,169.92182040816326,60.79980129012223,20.277183673469388,5104.834701790781,63.03382040816327,354.673016790404,0
مغامرات البطة بطوطة,25.0,0.0,0,Small animal story series,كتاب فلين,Children & Young Adults,"https://www.jarir.com/cdn-cgi/image/fit=contain,width=350,height=auto,quality=85,metadata=none/https://ak-asset.jarir.com/akeneo-prod/asset/m1images/3/6/362143.jpg",228.09089795918368,193.1685224489796,172.23914285714287,58.37012369166403,18.49114285714285,5250.17805963459,82.65022857142857,392.557745958584,0
يوم ممتع في المدرسة,22.0,0.0,0,Quarter.,كتاب مقوى,Children & Young Adults,"https://www.jarir.com/cdn-cgi/image/fit=contain,width=350,height=auto,quality=85,metadata=none/https://ak-asset.jarir.com/akeneo-prod/asset/m1images/3/9/392269.jpg",231.33461224489795,213.8336163265306,145.4353306122449,55.49913019003086,12.115102040816328,7469.389448751196,101.64930612244898,370.6578048796335,0
يوم ممتع في المنزل,22.0,0.0,0,Quarter.,كتاب مقوى,Children & Young Adults,"https://www.jarir.com/cdn-cgi/image/fit=contain,width=350,height=auto,quality=85,metadata=none/https://ak-asset.jarir.com/akeneo-prod/asset/m1images/3/9/392271.jpg",226.26691428571428,172.7565387755102,162.18962448979593,69.74427125517826,16.40742857142857,7473.344294104093,96.24912653061224,483.89367350663895,1
أفضل قصص من مزرعة الحيوانات,46.0,0.0,0,I'm Cassales.,كتاب مقوى,Children & Young Adults,"https://www.jarir.com/cdn-cgi/image/fit=contain,width=350,height=auto,quality=85,metadata=none/https://ak-asset.jarir.com/akeneo-prod/asset/m1images/3/9/392327.jpg",237.16742857142856,228.49233469387755,102.70323265306122,36.94539372286766,19.538204081632653,8845.647190621768,148.34817959183673,499.32469387695113,1
سندريلا,28.0,0.0,0,Global story series,غلاف مقوى,Children & Young Adults,"https://www.jarir.com/cdn-cgi/image/fit=contain,width=350,height=auto,quality=85,metadata=none/https://ak-asset.jarir.com/akeneo-prod/asset/m1images/2/6/266757.jpg",214.4069795918368,131.2361306122449,158.45416326530614,74.94424592627593,25.77893877551021,7618.404586747699,128.18981224489795,889.6910891899042,1
ذات الرداء الاحمر,30.0,0.0,0,Global story series,غلاف مقوى,Children & Young Adults,"https://www.jarir.com/cdn-cgi/image/fit=contain,width=350,height=auto,quality=85,metadata=none/https://ak-asset.jarir.com/akeneo-prod/asset/m1images/2/6/266766.jpg",164.4680326530612,173.86646530612245,188.00029387755103,67.97509345791475,27.08204081632653,5881.516077566613,105.13995102040816,976.479875945756,1
قصص خيالية سندريلا,15.0,0.0,0,A series of fictional stories.,كتاب مقوى,Children & Young Adults,"https://www.jarir.com/cdn-cgi/image/fit=contain,width=350,height=auto,quality=85,metadata=none/https://ak-asset.jarir.com/akeneo-prod/asset/m1images/4/2/420460.jpg",231.45059591836736,191.5814857142857,170.77796734693877,65.3124063663464,18.031102040816325,5957.572456262771,78.97792653061225,484.0494366963099,0
قصص خيالية سنووايت,15.0,0.0,0,A series of fictional stories.,كتاب مقوى,Children & Young Adults,"https://www.jarir.com/cdn-cgi/image/fit=contain,width=350,height=auto,quality=85,metadata=none/https://ak-asset.jarir.com/akeneo-prod/asset/m1images/4/2/420461.jpg",220.7687836734694,188.24949387755103,187.5866612244898,68.36254593603974,14.55477551020408,5493.039455793233,67.13578775510204,350.82220408163266,0
قصص خيالية ذات الرداء الاحمر,15.0,0.0,0,A series of fictional stories.,كتاب مقوى,Children & Young Adults,"https://www.jarir.com/cdn-cgi/image/fit=contain,width=350,height=auto,quality=85,metadata=none/https://ak-asset.jarir.com/akeneo-prod/asset/m1images/4/2/420462.jpg",208.16250612244897,170.24229387755102,159.19051428571427,68.77772786717996,13.576408163265306,6297.490967900589,93.87429387755104,436.95988923142016,1
(ما الصوت؟ المزرعة (كتاب صوتي,45.0,0.0,0,A chain of sound.,كتاب مقوى,Children & Young Adults,"https://www.jarir.com/cdn-cgi/image/fit=contain,width=350,height=auto,quality=85,metadata=none/https://ak-asset.jarir.com/akeneo-prod/asset/m1images/4/2/420547.jpg",212.52035102040816,208.3708897959184,195.55339591836736,50.9208144135432,9.717061224489797,4182.211156032958,59.11996734693878,172.01768163265305,0
(ما الصوت؟ فرووم (كتاب صوتي,45.0,0.0,0,A chain of sound.,كتاب مقوى,Children & Young Adults,"https://www.jarir.com/cdn-cgi/image/fit=contain,width=350,height=auto,quality=85,metadata=none/https://ak-asset.jarir.com/akeneo-prod/asset/m1images/4/2/420548.jpg",225.0989387755102,208.42675918367348,193.0191346938776,63.02192109744483,9.588,4702.624098665822,55.42555918367347,186.6379755102041,0
لوسي,23.0,0.0,0,Unknown,كتاب فلين,Children & Young Adults,"https://www.jarir.com/cdn-cgi/image/fit=contain,width=350,height=auto,quality=85,metadata=none/https://ak-asset.jarir.com/akeneo-prod/asset/m1images/4/2/420747.jpg",209.31203265306124,195.75603265306123,172.4721142857143,67.73916990606283,14.867020408163263,7251.923600214103,96.79323265306122,357.43788504623063,1
200 كلمة لمساعدتك على التحدث عن علم النفس,32.0,0.0,0,Michael Brettt.,Paperback,Politics & Social Sciences,"https://www.jarir.com/cdn-cgi/image/fit=contain,width=350,height=auto,quality=85,metadata=none/https://ak-asset.jarir.com/akeneo-prod/asset/0/9/d/8/09d8de4f65baa8be30907e0e7e834541bd13f099_620648.jpg",245.47502857142857,227.15942857142852,212.1275918367347,38.22162472391396,4.729469387755102,1979.9826076786449,36.38829387755102,416.9117551020408,0
كتابي الاول البحث والاستكشاف كتاب صوتي الحيوانات,69.0,0.0,0,Greer's library issues.,غلاف مقوى,Children & Young Adults,"https://www.jarir.com/cdn-cgi/image/fit=contain,width=350,height=auto,quality=85,metadata=none/https://ak-asset.jarir.com/akeneo-prod/asset/c/9/5/1/c9519512526d4f35e30431e858bed065754d4489_619411.jpg",134.30022040816326,171.2146612244898,156.33389387755102,45.89258024068729,36.40151020408163,3962.911246772179,120.05328979591836,749.8160660458142,1
كتابي الاول البحث والاستكشاف كتاب صوتي يومي الحافل,69.0,0.0,0,Greer's library issues.,غلاف مقوى,Children & Young Adults,"https://www.jarir.com/cdn-cgi/image/fit=contain,width=350,height=auto,quality=85,metadata=none/https://ak-asset.jarir.com/akeneo-prod/asset/e/e/2/6/ee26395e8d257269fd6fba5c8ff06bf9acc085d8_619412.jpg",188.9998775510204,180.85007346938767,113.15825306122449,36.403133732839706,37.72334693877552,4101.648316330974,139.10044081632654,716.1355858266389,1
كيف تؤثر على الاخرين وتكسب الاصدقاء الكتاب الوحيد الذي يمكنه أن يقودك الى النجاح,35.0,0.0,0,Del Carnegie.,Paperback,Self-Help & Personal Development,"https://www.jarir.com/cdn-cgi/image/fit=contain,width=350,height=auto,quality=85,metadata=none/https://ak-asset.jarir.com/akeneo-prod/asset/9/9/8/c/998c52761d9f1d2407a0d46fe235308da8254ab6_620022.jpg",239.5443346938776,235.7383020408164,232.4589387755102,33.86753675610216,12.75,1529.046606853448,14.879020408163266,516.8508630744523,0
سلسلة مواقف يومية 8 مواقف يتعرض لها الطفل يوميا 1/8 فى علبة,49.0,0.0,0,Greer's library.,Paperback,Children & Young Adults,"https://www.jarir.com/cdn-cgi/image/fit=contain,width=350,height=auto,quality=85,metadata=none/https://ak-asset.jarir.com/akeneo-prod/asset/8/8/e/0/88e00b6d7308fd05403944fc2969cdc55a528606_623103.jpg",208.32629387755105,208.8290448979592,200.6399346938776,57.53559490911768,28.191551020408163,3781.1356504882897,41.29192653061224,2540.95948637641,0
المتميز في مقياس موهبة 3-4-5 الطبعة الخامسة,90.0,0.0,0,Ibrahim Qashir,Paperback,Education & Reference,"https://www.jarir.com/cdn-cgi/image/fit=contain,width=350,height=auto,quality=85,metadata=none/https://ak-asset.jarir.com/akeneo-prod/asset/3/d/f/8/3df8719bd0683178d3888a103a406a16c29b7a45_636002.jpg",212.6692326530612,154.94881632653062,177.80540408163264,77.06048301932977,19.84628571428572,7026.635161196696,72.13077551020409,708.0585729718617,1
المتميز في مقياس موهبة 6-7-8 لاختبار القدرات العقلية المتعددة الطبعة الخامسة,90.0,0.0,0,Ibrahim Qashir,Paperback,Education & Reference,"https://www.jarir.com/cdn-cgi/image/fit=contain,width=350,height=auto,quality=85,metadata=none/https://ak-asset.jarir.com/akeneo-prod/asset/f/8/9/0/f8900103ab1af7ebfc15d0bd09c90aa770bee863_642428.jpg",177.8740163265306,178.23035102040816,178.67435918367346,67.17270875460562,19.20097959183673,5329.25316477219,56.89351020408164,494.56853877524367,1
حصن المسلم صغير,2.0,0.0,0,Happy to give me a shot.,Paperback,Religion & Spirituality,"https://www.jarir.com/cdn-cgi/image/fit=contain,width=350,height=auto,quality=85,metadata=none/https://ak-asset.jarir.com/akeneo-prod/asset/4/f/e/0/4fe03f505ddbc6ed0db69867b345da66d593361c_632200.jpg",249.3208244897959,91.80874285714286,92.27395918367348,75.67741958715423,4.498408163265306,13121.218135942436,164.53084081632653,200.8542401958517,1
حكايات 5 دقائق قصص ما قبل المدرسة,25.0,0.0,0,5 minutes story series,غلاف مقوى,Children & Young Adults,"https://www.jarir.com/cdn-cgi/image/fit=contain,width=350,height=auto,quality=85,metadata=none/https://ak-asset.jarir.com/akeneo-prod/asset/m1/delta/549591.jpg",201.2671142038477,199.2564306180925,196.61070814572247,58.60024071620571,24.88415882112157,5141.563659785858,78.80059762586983,1127.1818611157812,0
5 دقائق من حكايات قبل النوم,35.0,0.0,0,5 minutes series of stories.,غلاف مقوى,Children & Young Adults,"https://www.jarir.com/cdn-cgi/image/fit=contain,width=350,height=auto,quality=85,metadata=none/https://ak-asset.jarir.com/akeneo-prod/asset/m1/delta/545245.jpg",159.9781224489796,139.227493877551,131.89953469387754,80.90755264066745,19.89208163265306,7261.0784422219585,97.0152163265306,689.0822603431906,1
فروزن 2 ملكة الثلج طبعة بلاتينية,29.0,0.0,0,Disney.,غلاف مقوى,Children & Young Adults,"https://www.jarir.com/cdn-cgi/image/fit=contain,width=350,height=auto,quality=85,metadata=none/https://ak-asset.jarir.com/akeneo-prod/asset/m1/delta/538597.jpg",153.9988326530612,149.60994285714287,164.0865142857143,78.83586724455975,16.499020408163265,5848.339324337608,58.12706122448979,521.5564649312786,1
جوهر الحياة كلمات ملهمة,19.0,0.0,0,Stefano Ajabio,غلاف مقوى,Self-Help & Personal Development,"https://www.jarir.com/cdn-cgi/image/fit=contain,width=350,height=auto,quality=85,metadata=none/https://ak-asset.jarir.com/akeneo-prod/asset/m1images/5/3/532610.jpg",229.8102693877551,163.19035918367348,208.9207183673469,54.83127624088356,23.03118367346939,3638.21390945828,80.32577959183673,716.1740955851728,0
تعلم كتابة جدول الضرب اكتب وامسح مع قلم,22.0,0.0,0,Learning series written,كتاب مقوى,Children & Young Adults,"https://www.jarir.com/cdn-cgi/image/fit=contain,width=350,height=auto,quality=85,metadata=none/https://ak-asset.jarir.com/akeneo-prod/asset/m1/delta/550706.jpg",186.90846530612245,171.9058530612245,163.89042448979592,68.55366030931522,24.13444897959184,5729.381536366804,89.93954285714285,884.14947429631,1
تعلم كتابة الحروف الابجدية الكبيرة اكتب وامسح مع قلم,22.0,0.0,0,Learning series written,كتاب مقوى,Children & Young Adults,"https://www.jarir.com/cdn-cgi/image/fit=contain,width=350,height=auto,quality=85,metadata=none/https://ak-asset.jarir.com/akeneo-prod/asset/m1/delta/550707.jpg",210.7933306122449,213.3690775510204,142.67752653061223,50.33633404711939,25.86844897959184,6659.438889287509,108.02329795918368,1103.0611474285715,1
جثة في المكتبة روايات مصورة,37.0,5.0,2,Agatha Christie.,غلاف مقوى,Fiction Genres,"https://www.jarir.com/cdn-cgi/image/fit=contain,width=350,height=auto,quality=85,metadata=none/https://ak-asset.jarir.com/akeneo-prod/asset/a/1/6/c/a16c9cafd793873d1d64debf72fa8e0e69348cc7_560527.jpg",206.92034285714288,198.86751020408164,186.6038775510204,65.09574018966794,21.87587755102041,4978.9665043293535,54.32755918367347,803.9411428571428,0
متعلق العلم الجديد لتعلق البالغين وكيف يستطيع مساعدتك في العثور على الحب والحفاظ عليه,46.0,0.0,0,"Rachel SF Heller, Prince of Levin.",Paperback,Self-Help & Personal Development,"https://www.jarir.com/cdn-cgi/image/fit=contain,width=350,height=auto,quality=85,metadata=none/https://ak-asset.jarir.com/akeneo-prod/asset/e/7/8/e/e78ea8299a16bdfc321f8a4bcd85f9f4f3701b5b_563071.jpg",247.87868571428567,222.0076897959184,219.30782857142856,50.416378875844536,11.832,3435.8783146348264,30.85132244897959,1084.459069387755,0
مكتبتي الصغيرة الاميرات,59.0,0.0,0,The princess chain.,غلاف مقوى,Children & Young Adults,"https://www.jarir.com/cdn-cgi/image/fit=contain,width=350,height=auto,quality=85,metadata=none/https://ak-asset.jarir.com/akeneo-prod/asset/5/c/5/7/5c5740b1ae5e3c99265c847b9dbcbb32b407d94b_561533.jpg",209.9288326530612,192.4509551020408,189.90330612244892,63.67779188074257,26.15779591836735,4842.546698945505,57.29408979591837,784.0896869405082,0
العادات السبع بايجاز حكمة خالدة لعالم سريع التغير,29.0,0.0,0,Steven R. Kofi,Paperback,Self-Help & Personal Development,"https://www.jarir.com/cdn-cgi/image/fit=contain,width=350,height=auto,quality=85,metadata=none/https://ak-asset.jarir.com/akeneo-prod/asset/3/1/7/1/3171c244252d17f077120f74f1b96732dc46fd98_558808.jpg",97.6626693877551,150.92835102040817,181.830906122449,85.19759222676554,11.461469387755102,8865.34292272593,158.02824489795918,568.4963183592836,1
ازالة القلق علم جديد يظهر كيفية كسر حلقات القلق والخوف لعلاج عقلك,69.0,0.0,0,Goodson Broyer.,غلاف مقوى,Self-Help & Personal Development,"https://www.jarir.com/cdn-cgi/image/fit=contain,width=350,height=auto,quality=85,metadata=none/https://ak-asset.jarir.com/akeneo-prod/asset/5/2/7/9/527914e3a806948dbdb7fb4642f1aa2ba9c1a773_567731.jpg",179.3920163265306,223.67691428571428,239.35417959183675,41.31618941764921,10.464367346938776,2734.874163061236,70.38366530612245,732.9133959183007,0
101 مبادىء الفلسفة,59.0,0.0,0,Paul Clinman.,غلاف مقوى,Politics & Social Sciences,"https://www.jarir.com/cdn-cgi/image/fit=contain,width=350,height=auto,quality=85,metadata=none/https://ak-asset.jarir.com/akeneo-prod/asset/6/5/7/f/657f1e1c5cd723873cce786e33ae643019073ff6_567739.jpg",237.3048897959184,234.23592653061223,226.56305306122448,45.3027190334069,25.639469387755103,2596.864807588128,11.325665306122447,2074.851053058825,0
يحب الاطفال الكلمة وعكسها,25.0,0.0,0,A chain likes kids.,غلاف مقوى,Children & Young Adults,"https://www.jarir.com/cdn-cgi/image/fit=contain,width=350,height=auto,quality=85,metadata=none/https://ak-asset.jarir.com/akeneo-prod/asset/m1images/5/2/526714.jpg",185.9490367346939,198.87724897959183,211.25795918367348,40.90890093859687,16.444897959183674,2651.9419615352863,64.97770612244898,501.47474633276136,0
يحب الاطفال الالوان,25.0,0.0,0,A chain likes kids.,غلاف مقوى,Children & Young Adults,"https://www.jarir.com/cdn-cgi/image/fit=contain,width=350,height=auto,quality=85,metadata=none/https://ak-asset.jarir.com/akeneo-prod/asset/m1images/5/2/526716.jpg",233.83929795918368,215.6093795918368,174.09558367346938,35.54312415260576,12.745836734693878,2768.430598653643,69.51151020408163,581.8501569212161,0
علاقة العقل بالامعاء كيف يؤثر الحوار الخفي داخل اجسامنا في حالتنا المزاجية وخياراتنا و صحتنا ككل,58.0,5.0,1,"Two things, Meyer.",غلاف مقوى,Health & Fitness,"https://www.jarir.com/cdn-cgi/image/fit=contain,width=350,height=auto,quality=85,metadata=none/https://ak-asset.jarir.com/akeneo-prod/asset/m1/delta/529201.jpg",239.7686693877551,238.1184,235.06618775510205,41.16471220329991,19.086489795918368,1899.1018996375508,11.212514285714288,1288.5430069910208,0
كنزي الاول من قصص الجميلات,43.0,0.0,0,Kensi's first chain.,غلاف مقوى,Children & Young Adults,"https://www.jarir.com/cdn-cgi/image/fit=contain,width=350,height=auto,quality=85,metadata=none/https://ak-asset.jarir.com/akeneo-prod/asset/m1images/5/2/524992.jpg",187.9627673469388,100.18178775510204,148.5581306122449,46.03002283171944,33.45391836734694,4330.942050355012,134.3957142857143,874.91420048873,1
كتابي الاول من قصص الحيوانات,29.0,0.0,0,My first book series.,غلاف مقوى,Children & Young Adults,"https://www.jarir.com/cdn-cgi/image/fit=contain,width=350,height=auto,quality=85,metadata=none/https://ak-asset.jarir.com/akeneo-prod/asset/m1images/5/2/524993.jpg",183.53032653061223,185.40354285714287,155.09765714285714,55.37364990137924,42.42575510204082,4524.837204756952,83.97382040816326,867.2990319196334,1
كنزي الاول من قصص وقت النوم,43.0,0.0,0,Kensi's first chain.,غلاف مقوى,Children & Young Adults,"https://www.jarir.com/cdn-cgi/image/fit=contain,width=350,height=auto,quality=85,metadata=none/https://ak-asset.jarir.com/akeneo-prod/asset/m1images/5/2/524995.jpg",107.63206530612244,134.8855673469388,164.78411428571428,64.65505041122363,20.039877551020407,5986.540341248214,158.6908081632653,754.2138136419159,1
حكايات للاطفال في سن 2 عامين حكايات رائعة للاطفال,25.0,0.0,0,Greer's library issues.,غلاف مقوى,Children & Young Adults,"https://www.jarir.com/cdn-cgi/image/fit=contain,width=350,height=auto,quality=85,metadata=none/https://ak-asset.jarir.com/akeneo-prod/asset/m1images/4/6/464465.jpg",138.84217142857142,180.36241632653065,168.37951836734695,55.21337977614942,19.763020408163264,8567.109235786504,171.53273469387756,458.06926160206586,1
حكايات للبنات في سن عام قصص رائعة للبنات الصغيرات,25.0,0.0,0,Unknown,غلاف مقوى,Children & Young Adults,"https://www.jarir.com/cdn-cgi/image/fit=contain,width=350,height=auto,quality=85,metadata=none/https://ak-asset.jarir.com/akeneo-prod/asset/m1images/4/6/464466.jpg",231.15534693877552,154.14273469387754,178.5369387755102,50.44475006353513,29.10122448979592,3857.333987993152,96.60904489795918,811.2039471820076,0
حكايات للبنات في سن عامين قصص رائعة للبنات الصغيرات,25.0,0.0,0,Unknown,غلاف مقوى,Children & Young Adults,"https://www.jarir.com/cdn-cgi/image/fit=contain,width=350,height=auto,quality=85,metadata=none/https://ak-asset.jarir.com/akeneo-prod/asset/m1images/4/6/464467.jpg",213.94178775510204,151.03010612244898,189.8220897959184,49.3215729318845,27.90428571428572,3130.56733039997,89.57116734693878,651.8623894441316,0
كنزي من حكايات وقت الراحة مجموعة رائعة من القصص اللطيفة لوقت النوم,39.0,0.0,0,Unknown,غلاف مقوى,Children & Young Adults,"https://www.jarir.com/cdn-cgi/image/fit=contain,width=350,height=auto,quality=85,metadata=none/https://ak-asset.jarir.com/akeneo-prod/asset/m1images/4/6/464472.jpg",161.76924897959185,119.34689795918368,135.16143673469386,85.832250947498,37.17379591836735,8381.939411378475,119.03199183673468,1657.7238586325032,1
1001 شيء للبحث عنها الاميرات اعثري على 12 مفتاحا ذهبيا في المملكة,30.0,5.0,1,Greer's library issues.,غلاف مقوى,Children & Young Adults,"https://www.jarir.com/cdn-cgi/image/fit=contain,width=350,height=auto,quality=85,metadata=none/https://ak-asset.jarir.com/akeneo-prod/asset/m1images/4/6/464481.jpg",183.84275918367348,147.33583673469388,175.68830204081632,68.02601213907508,49.53244897959184,4840.034730858254,86.13567346938775,1760.6812415900706,1
الادارة مكتبة براين تراسي للنجاح,27.0,0.0,0,Brian Tracy.,غلاف مقوى,Business & Finance,"https://www.jarir.com/cdn-cgi/image/fit=contain,width=350,height=auto,quality=85,metadata=none/https://ak-asset.jarir.com/akeneo-prod/asset/m1images/4/6/465329.jpg",198.7112897959184,205.0594775510204,121.42742040816329,53.464736755571806,11.71334693877551,6521.078019408327,110.38902040816326,397.8419999999334,1
A Good Girl's Guide to Murder,49.0,4.9,22,Holly Jackson,Paperback,Fiction Genres,"https://www.jarir.com/cdn-cgi/image/fit=contain,width=350,height=auto,quality=85,metadata=none/https://ak-asset.jarir.com/akeneo-prod/asset/1/e/e/0/1ee09ec030b8bf1292397dad15905b78f2405a4e_546306.jpg",219.9909224489796,214.93682448979592,215.67654693877552,69.0180896944042,20.67269387755102,4823.745872599926,21.50978775510204,1529.4162442579593,0
The Housemaid's Secret - This Perfect Home Has One Rule. Don't Look Behind Closed Doors.,69.0,0.0,0,Freida McFadden,Paperback,Fiction Genres,"https://www.jarir.com/cdn-cgi/image/fit=contain,width=350,height=auto,quality=85,metadata=none/https://ak-asset.jarir.com/akeneo-prod/asset/d/7/b/7/d7b73287d9e877a403222d348669c8c0163eb6a8_620418.jpg",194.00100408163263,121.59314285714284,111.41882448979592,93.33283817583096,16.20134693877551,11040.402099218503,133.55271836734693,1433.6144565158518,1
The Fury - There were Seven of Us on The Island. One of Us was a Murderer...,69.0,0.0,0,Alexide s,Paperback,Fiction Genres,"https://www.jarir.com/cdn-cgi/image/fit=contain,width=350,height=auto,quality=85,metadata=none/https://ak-asset.jarir.com/akeneo-prod/asset/4/e/a/d/4eadd41f82ee18ef8de81686bb17e2032d331327_627725.jpg",184.96618775510203,141.04712653061225,132.82835918367346,88.92444343190161,20.064857142857143,9164.286877330554,104.54060408163264,779.2317469387087,1
The Unfortunate Side Effects of Heartbreak and Magic - A Novel,59.0,0.0,0,Breanne Randall,Paperback,Fiction Genres,"https://www.jarir.com/cdn-cgi/image/fit=contain,width=350,height=auto,quality=85,metadata=none/https://ak-asset.jarir.com/akeneo-prod/asset/0/8/5/3/0853840026abfc5adf63e69dc47b2e4026886249_628356.jpg",161.18961632653065,203.5167510204081,220.5086775510204,56.98712489318826,24.84220408163265,4332.357433172111,86.3202612244898,695.2466142661225,0
Emily Wilde's Encyclopaedia of Faeries,49.0,0.0,0,Heather Fawc e t t,Paperback,Fiction Genres,"https://www.jarir.com/cdn-cgi/image/fit=contain,width=350,height=auto,quality=85,metadata=none/https://ak-asset.jarir.com/akeneo-prod/asset/9/5/a/e/95ae216596cc4208be681633436e5e5f0068071f_631862.jpg",160.84174693877551,163.71497142857143,165.8410448979592,75.0872122022328,33.94934693877551,5618.889605974727,27.638220408163264,2093.422582933045,1
The Coworker - You See Her Everyday,59.0,0.0,0,Freida McFadden,Paperback,Fiction Genres,"https://www.jarir.com/cdn-cgi/image/fit=contain,width=350,height=auto,quality=85,metadata=none/https://ak-asset.jarir.com/akeneo-prod/asset/e/f/d/e/efdeb7bf689da620fb5f36fdb09530b836d231f8_632504.jpg",147.42940408163264,166.45391020408164,174.41987755102042,84.57045830476238,18.054,7552.54948222403,73.42430204081633,935.6524571404584,1
Psychology of Money - Timeless Lesson on Wealth,79.0,0.0,0,Morgan Housel,Paperback,Business & Finance,"https://www.jarir.com/cdn-cgi/image/fit=contain,width=350,height=auto,quality=85,metadata=none/https://ak-asset.jarir.com/akeneo-prod/asset/m1/delta/563138.jpg",233.1121469387755,234.2290857142857,233.2540163265306,52.97719440747654,18.22469387755102,2851.652382435289,3.631926530612245,1412.7812404708704,0
Dune,59.0,5.0,1,Frank Herbe r t,Paperback,Fiction Genres,"https://www.jarir.com/cdn-cgi/image/fit=contain,width=350,height=auto,quality=85,metadata=none/https://ak-asset.jarir.com/akeneo-prod/asset/m1/delta/559663.jpg",211.1522612244898,161.9967755102041,146.16182857142857,83.97809031764982,11.290775510204082,9275.641782256942,92.82190204081633,412.874473252878,1
Rich Dad Poor Dad,49.0,0.0,0,Robert Kiyosaki,Paperback,Business & Finance,"https://www.jarir.com/cdn-cgi/image/fit=contain,width=350,height=auto,quality=85,metadata=none/https://ak-asset.jarir.com/akeneo-prod/asset/1/c/b/7/1cb754763fb1d5badbcd73e5ec4e47b5257b69f5_581225.jpg",160.4849142857143,142.54539591836735,134.1313632653061,89.08298958697559,20.298,8460.648869892915,70.21900408163265,1226.437893604598,1
The Final Gambit,55.0,0.0,0,Jennifer Lynn Barne s,Paperback,Fiction Genres,"https://www.jarir.com/cdn-cgi/image/fit=contain,width=350,height=auto,quality=85,metadata=none/https://ak-asset.jarir.com/akeneo-prod/asset/f/e/2/c/fe2c2f711fc88a5a48a1cc60b98cf1932b9be728_593388.jpg",155.9870693877551,167.7742448979592,157.28715918367348,94.14833315302832,22.11526530612245,9335.869589264885,74.53061224489795,1505.2262201520032,1
